image,probability_dataviz,prediction
D:\FR\IGD\IPCC internship\output\bbc\bbc_images\bbc_2013-02-22_science-environment-21549643_img01.jpg,0.022629,NO_DATAVIZ
D:\FR\IGD\IPCC internship\output\bbc\bbc_images\bbc_2013-02-22_science-environment-21549643_img02.jpg,0.023739,NO_DATAVIZ
D:\FR\IGD\IPCC internship\output\bbc\bbc_images\bbc_2013-05-14_science-environment-22527273_img01.jpg,0.025482,NO_DATAVIZ
D:\FR\IGD\IPCC internship\output\bbc\bbc_images\bbc_2013-05-14_science-environment-22527273_img02.jpg,0.077402,NO_DATAVIZ
D:\FR\IGD\IPCC internship\output\bbc\bbc_images\bbc_2013-05-14_science-environment-22531949_img01.jpg,0.019634,NO_DATAVIZ
D:\FR\IGD\IPCC internship\output\bbc\bbc_images\bbc_2013-05-14_science-environment-22531949_img02.jpg,0.009871,NO_DATAVIZ
D:\FR\IGD\IPCC internship\output\bbc\bbc_images\bbc_2013-09-23_c9w15nggj58o_img01.jpg,0.025082,NO_DATAVIZ
D:\FR\IGD\IPCC internship\output\bbc\bbc_images\bbc_2013-09-23_c9w15nggj58o_img02.png,0.866325,DATAVIZ
D:\FR\IGD\IPCC internship\output\bbc\bbc_images\bbc_2013-09-23_c9w15nggj58o_img03.png,0.679799,DATAVIZ
D:\FR\IGD\IPCC internship\output\bbc\bbc_images\bbc_2013-09-23_c9w15nggj58o_img04.jpg,0.041731,NO_DATAVIZ
D:\FR\IGD\IPCC internship\output\bbc\bbc_images\bbc_2013-09-23_c9w15nggj58o_img05.jpg,0.018726,NO_DATAVIZ
D:\FR\IGD\IPCC internship\output\bbc\bbc_images\bbc_2013-09-23_c9w15nggj58o_img06.png,0.862198,DATAVIZ
D:\FR\IGD\IPCC internship\output\bbc\bbc_images\bbc_2013-09-23_c9w15nggj58o_img07.png,0.049846,NO_DATAVIZ
D:\FR\IGD\IPCC internship\output\bbc\bbc_images\bbc_2014-03-18_business-26617722_img01.jpg,0.092579,NO_DATAVIZ
D:\FR\IGD\IPCC internship\output\bbc\bbc_images\bbc_2014-12-01_science-environment-30225511_img01.jpg,0.029133,NO_DATAVIZ
D:\FR\IGD\IPCC internship\output\bbc\bbc_images\bbc_2015-01-14_science-environment-30816143_img01.jpg,0.031421,NO_DATAVIZ
D:\FR\IGD\IPCC internship\output\bbc\bbc_images\bbc_2015-01-14_science-environment-30816143_img02.jpg,0.015507,NO_DATAVIZ
D:\FR\IGD\IPCC internship\output\bbc\bbc_images\bbc_2015-01-14_science-environment-30816143_img03.jpg,0.135453,NO_DATAVIZ
D:\FR\IGD\IPCC internship\output\bbc\bbc_images\bbc_2015-01-14_science-environment-30816143_img04.jpg,0.059023,NO_DATAVIZ
D:\FR\IGD\IPCC internship\output\bbc\bbc_images\bbc_2015-12-01_business-34738408_img01.jpg,0.021971,NO_DATAVIZ
D:\FR\IGD\IPCC internship\output\bbc\bbc_images\bbc_2015-12-01_business-34738408_img02.jpg,0.036455,NO_DATAVIZ
D:\FR\IGD\IPCC internship\output\bbc\bbc_images\bbc_2015-12-01_business-34738408_img03.jpg,0.025103,NO_DATAVIZ
D:\FR\IGD\IPCC internship\output\bbc\bbc_images\bbc_2015-12-12_c93d59d4zy1o_img01.jpg,0.051779,NO_DATAVIZ
D:\FR\IGD\IPCC internship\output\bbc\bbc_images\bbc_2016-01-20_science-environment-35354579_img01.jpg,0.739176,DATAVIZ
D:\FR\IGD\IPCC internship\output\bbc\bbc_images\bbc_2016-01-20_science-environment-35354579_img02.jpg,0.477839,NO_DATAVIZ
D:\FR\IGD\IPCC internship\output\bbc\bbc_images\bbc_2016-03-01_uk-england-wiltshire-35694417_img01.jpg,0.010084,NO_DATAVIZ
D:\FR\IGD\IPCC internship\output\bbc\bbc_images\bbc_2016-03-01_uk-england-wiltshire-35694417_img02.jpg,0.004448,NO_DATAVIZ
D:\FR\IGD\IPCC internship\output\bbc\bbc_images\bbc_2016-03-08_uk-35749903_img01.jpg,0.029445,NO_DATAVIZ
D:\FR\IGD\IPCC internship\output\bbc\bbc_images\bbc_2016-03-08_uk-35749903_img02.jpg,0.069601,NO_DATAVIZ
D:\FR\IGD\IPCC internship\output\bbc\bbc_images\bbc_2016-03-08_uk-35749903_img03.jpg,0.069601,NO_DATAVIZ
D:\FR\IGD\IPCC internship\output\bbc\bbc_images\bbc_2016-03-16_uk-england-lincolnshire-35821678_img01.jpg,0.023633,NO_DATAVIZ
D:\FR\IGD\IPCC internship\output\bbc\bbc_images\bbc_2016-03-16_uk-england-lincolnshire-35821678_img02.jpg,0.027488,NO_DATAVIZ
D:\FR\IGD\IPCC internship\output\bbc\bbc_images\bbc_2016-03-16_uk-wales-south-east-wales-35820546_img01.jpg,0.013035,NO_DATAVIZ
D:\FR\IGD\IPCC internship\output\bbc\bbc_images\bbc_2016-03-18_uk-england-hampshire-35846787_img01.jpg,0.054486,NO_DATAVIZ
D:\FR\IGD\IPCC internship\output\bbc\bbc_images\bbc_2016-03-23_uk-england-tees-35882816_img01.jpg,0.002103,NO_DATAVIZ
D:\FR\IGD\IPCC internship\output\bbc\bbc_images\bbc_2016-03-28_uk-england-sussex-35910769_img01.jpg,0.052785,NO_DATAVIZ
D:\FR\IGD\IPCC internship\output\bbc\bbc_images\bbc_2016-03-30_science-environment-35926694_img01.jpg,0.026888,NO_DATAVIZ
D:\FR\IGD\IPCC internship\output\bbc\bbc_images\bbc_2016-03-30_science-environment-35926694_img02.jpg,0.018584,NO_DATAVIZ
D:\FR\IGD\IPCC internship\output\bbc\bbc_images\bbc_2016-04-06_uk-england-nottinghamshire-35982852_img01.jpg,0.073879,NO_DATAVIZ
D:\FR\IGD\IPCC internship\output\bbc\bbc_images\bbc_2016-04-08_uk-england-york-north-yorkshire-35996967_img01.jpg,0.069378,NO_DATAVIZ
D:\FR\IGD\IPCC internship\output\bbc\bbc_images\bbc_2016-04-12_science-environment-36029753_img01.jpg,0.015502,NO_DATAVIZ
D:\FR\IGD\IPCC internship\output\bbc\bbc_images\bbc_2016-04-14_uk-36047526_img01.jpg,0.046528,NO_DATAVIZ
D:\FR\IGD\IPCC internship\output\bbc\bbc_images\bbc_2016-04-22_uk-england-northamptonshire-36114429_img01.jpg,0.011764,NO_DATAVIZ
D:\FR\IGD\IPCC internship\output\bbc\bbc_images\bbc_2016-05-10_world-europe-36255749_img01.jpg,0.033318,NO_DATAVIZ
D:\FR\IGD\IPCC internship\output\bbc\bbc_images\bbc_2016-05-10_world-europe-36255749_img02.jpg,0.375108,NO_DATAVIZ
D:\FR\IGD\IPCC internship\output\bbc\bbc_images\bbc_2016-05-10_world-europe-36255749_img03.jpg,0.033178,NO_DATAVIZ
D:\FR\IGD\IPCC internship\output\bbc\bbc_images\bbc_2016-05-10_world-europe-36255749_img04.jpg,0.272910,NO_DATAVIZ
D:\FR\IGD\IPCC internship\output\bbc\bbc_images\bbc_2016-05-16_science-environment-36303046_img01.jpg,0.603105,DATAVIZ
D:\FR\IGD\IPCC internship\output\bbc\bbc_images\bbc_2016-06-07_uk-england-sussex-36472234_img01.jpg,0.038933,NO_DATAVIZ
D:\FR\IGD\IPCC internship\output\bbc\bbc_images\bbc_2016-06-07_uk-england-sussex-36472234_img02.jpg,0.069601,NO_DATAVIZ
D:\FR\IGD\IPCC internship\output\bbc\bbc_images\bbc_2016-06-07_uk-england-sussex-36472234_img03.jpg,0.030580,NO_DATAVIZ
D:\FR\IGD\IPCC internship\output\bbc\bbc_images\bbc_2016-06-09_uk-england-birmingham-36492190_img01.png,0.058328,NO_DATAVIZ
D:\FR\IGD\IPCC internship\output\bbc\bbc_images\bbc_2016-06-17_uk-england-beds-bucks-herts-36563581_img01.jpg,0.011600,NO_DATAVIZ
D:\FR\IGD\IPCC internship\output\bbc\bbc_images\bbc_2016-06-17_uk-england-beds-bucks-herts-36563581_img02.jpg,0.038393,NO_DATAVIZ
D:\FR\IGD\IPCC internship\output\bbc\bbc_images\bbc_2016-06-27_uk-england-beds-bucks-herts-36639542_img01.jpg,0.046772,NO_DATAVIZ
D:\FR\IGD\IPCC internship\output\bbc\bbc_images\bbc_2016-06-27_uk-england-beds-bucks-herts-36639542_img02.jpg,0.154428,NO_DATAVIZ
D:\FR\IGD\IPCC internship\output\bbc\bbc_images\bbc_2016-07-18_uk-england-derbyshire-36829894_img01.jpg,0.152986,NO_DATAVIZ
D:\FR\IGD\IPCC internship\output\bbc\bbc_images\bbc_2016-07-18_uk-england-derbyshire-36829894_img02.jpg,0.031116,NO_DATAVIZ
D:\FR\IGD\IPCC internship\output\bbc\bbc_images\bbc_2016-07-18_uk-england-derbyshire-36829894_img03.jpg,0.065703,NO_DATAVIZ
D:\FR\IGD\IPCC internship\output\bbc\bbc_images\bbc_2016-07-29_science-environment-36904990_img01.jpg,0.148451,NO_DATAVIZ
D:\FR\IGD\IPCC internship\output\bbc\bbc_images\bbc_2016-07-29_uk-england-coventry-warwickshire-36928749_img01.jpg,0.006098,NO_DATAVIZ
D:\FR\IGD\IPCC internship\output\bbc\bbc_images\bbc_2016-07-29_uk-england-london-36913647_img01.jpg,0.067309,NO_DATAVIZ
D:\FR\IGD\IPCC internship\output\bbc\bbc_images\bbc_2016-07-31_uk-36936264_img01.jpg,0.012685,NO_DATAVIZ
D:\FR\IGD\IPCC internship\output\bbc\bbc_images\bbc_2016-07-31_uk-36936264_img02.jpg,0.069601,NO_DATAVIZ
D:\FR\IGD\IPCC internship\output\bbc\bbc_images\bbc_2016-07-31_uk-36936264_img03.jpg,0.043554,NO_DATAVIZ
D:\FR\IGD\IPCC internship\output\bbc\bbc_images\bbc_2016-08-02_uk-england-manchester-36955309_img01.jpg,0.007810,NO_DATAVIZ
D:\FR\IGD\IPCC internship\output\bbc\bbc_images\bbc_2016-08-05_uk-england-manchester-36978819_img01.jpg,0.041405,NO_DATAVIZ
D:\FR\IGD\IPCC internship\output\bbc\bbc_images\bbc_2016-08-08_uk-england-london-37015033_img01.jpg,0.002841,NO_DATAVIZ
D:\FR\IGD\IPCC internship\output\bbc\bbc_images\bbc_2016-08-08_uk-england-london-37015033_img02.jpg,0.005800,NO_DATAVIZ
D:\FR\IGD\IPCC internship\output\bbc\bbc_images\bbc_2016-08-08_uk-england-london-37015033_img03.jpg,0.069601,NO_DATAVIZ
D:\FR\IGD\IPCC internship\output\bbc\bbc_images\bbc_2016-08-08_uk-england-london-37015033_img04.jpg,0.012719,NO_DATAVIZ
D:\FR\IGD\IPCC internship\output\bbc\bbc_images\bbc_2016-08-17_uk-england-bristol-37108821_img01.jpg,0.040965,NO_DATAVIZ
D:\FR\IGD\IPCC internship\output\bbc\bbc_images\bbc_2016-08-19_uk-england-coventry-warwickshire-37130731_img01.jpg,0.007585,NO_DATAVIZ
D:\FR\IGD\IPCC internship\output\bbc\bbc_images\bbc_2016-08-24_uk-england-tyne-37176051_img01.jpg,0.018044,NO_DATAVIZ
D:\FR\IGD\IPCC internship\output\bbc\bbc_images\bbc_2016-08-25_uk-england-berkshire-37186758_img01.jpg,0.084616,NO_DATAVIZ
D:\FR\IGD\IPCC internship\output\bbc\bbc_images\bbc_2016-09-20_uk-england-london-37417955_img01.jpg,0.012259,NO_DATAVIZ
D:\FR\IGD\IPCC internship\output\bbc\bbc_images\bbc_2016-10-08_uk-37594421_img01.jpg,0.029449,NO_DATAVIZ
D:\FR\IGD\IPCC internship\output\bbc\bbc_images\bbc_2016-10-12_uk-england-merseyside-37634288_img03.jpg,0.005802,NO_DATAVIZ
D:\FR\IGD\IPCC internship\output\bbc\bbc_images\bbc_2016-10-21_uk-england-merseyside-37728501_img01.jpg,0.008090,NO_DATAVIZ
D:\FR\IGD\IPCC internship\output\bbc\bbc_images\bbc_2016-10-21_uk-england-merseyside-37728501_img02.jpg,0.065899,NO_DATAVIZ
D:\FR\IGD\IPCC internship\output\bbc\bbc_images\bbc_2016-10-21_uk-england-merseyside-37728501_img03.jpg,0.019394,NO_DATAVIZ
D:\FR\IGD\IPCC internship\output\bbc\bbc_images\bbc_2016-11-18_uk-england-london-38025248_img01.jpg,0.072663,NO_DATAVIZ
D:\FR\IGD\IPCC internship\output\bbc\bbc_images\bbc_2016-11-25_uk-england-manchester-38105762_img01.jpg,0.010782,NO_DATAVIZ
D:\FR\IGD\IPCC internship\output\bbc\bbc_images\bbc_2016-11-29_uk-england-merseyside-38144728_img01.jpg,0.001882,NO_DATAVIZ
D:\FR\IGD\IPCC internship\output\bbc\bbc_images\bbc_2016-11-29_uk-england-merseyside-38144728_img02.jpg,0.040790,NO_DATAVIZ
D:\FR\IGD\IPCC internship\output\bbc\bbc_images\bbc_2016-11-29_uk-england-merseyside-38144728_img03.jpg,0.069601,NO_DATAVIZ
D:\FR\IGD\IPCC internship\output\bbc\bbc_images\bbc_2016-12-18_uk-wales-south-east-wales-38356692_img01.jpg,0.069551,NO_DATAVIZ
D:\FR\IGD\IPCC internship\output\bbc\bbc_images\bbc_2017-01-04_uk-wales-north-east-wales-38508940_img01.jpg,0.011647,NO_DATAVIZ
D:\FR\IGD\IPCC internship\output\bbc\bbc_images\bbc_2017-01-26_uk-england-leeds-38759001_img01.jpg,0.024646,NO_DATAVIZ
D:\FR\IGD\IPCC internship\output\bbc\bbc_images\bbc_2017-01-26_uk-england-leeds-38759001_img02.jpg,0.032622,NO_DATAVIZ
D:\FR\IGD\IPCC internship\output\bbc\bbc_images\bbc_2017-01-27_uk-england-london-38767799_img01.jpg,0.003537,NO_DATAVIZ
D:\FR\IGD\IPCC internship\output\bbc\bbc_images\bbc_2017-01-27_uk-england-london-38767799_img02.jpg,0.005826,NO_DATAVIZ
D:\FR\IGD\IPCC internship\output\bbc\bbc_images\bbc_2017-02-10_uk-england-stoke-staffordshire-38934221_img01.jpg,0.013283,NO_DATAVIZ
D:\FR\IGD\IPCC internship\output\bbc\bbc_images\bbc_2017-02-19_uk-wales-39019482_img01.jpg,0.052997,NO_DATAVIZ
D:\FR\IGD\IPCC internship\output\bbc\bbc_images\bbc_2017-02-21_uk-39034668_img01.jpg,0.068449,NO_DATAVIZ
D:\FR\IGD\IPCC internship\output\bbc\bbc_images\bbc_2017-02-21_uk-39034668_img02.jpg,0.028663,NO_DATAVIZ
D:\FR\IGD\IPCC internship\output\bbc\bbc_images\bbc_2017-03-08_uk-england-london-39206860_img01.jpg,0.005980,NO_DATAVIZ
D:\FR\IGD\IPCC internship\output\bbc\bbc_images\bbc_2017-03-17_uk-england-birmingham-39304995_img01.jpg,0.006687,NO_DATAVIZ
D:\FR\IGD\IPCC internship\output\bbc\bbc_images\bbc_2017-03-17_uk-england-birmingham-39304995_img02.jpg,0.004957,NO_DATAVIZ
D:\FR\IGD\IPCC internship\output\bbc\bbc_images\bbc_2017-03-24_uk-england-leicestershire-39387251_img01.jpg,0.004492,NO_DATAVIZ
D:\FR\IGD\IPCC internship\output\bbc\bbc_images\bbc_2017-03-24_uk-england-leicestershire-39387251_img02.jpg,0.059172,NO_DATAVIZ
D:\FR\IGD\IPCC internship\output\bbc\bbc_images\bbc_2017-03-24_uk-england-leicestershire-39387251_img03.jpg,0.056219,NO_DATAVIZ
D:\FR\IGD\IPCC internship\output\bbc\bbc_images\bbc_2017-03-28_uk-england-merseyside-39419843_img01.png,0.338133,NO_DATAVIZ
D:\FR\IGD\IPCC internship\output\bbc\bbc_images\bbc_2017-03-28_uk-england-merseyside-39419843_img02.jpg,0.028861,NO_DATAVIZ
D:\FR\IGD\IPCC internship\output\bbc\bbc_images\bbc_2017-03-28_uk-england-merseyside-39419843_img03.jpg,0.064332,NO_DATAVIZ
D:\FR\IGD\IPCC internship\output\bbc\bbc_images\bbc_2017-04-05_uk-england-south-yorkshire-39507760_img01.jpg,0.011595,NO_DATAVIZ
D:\FR\IGD\IPCC internship\output\bbc\bbc_images\bbc_2017-04-10_uk-england-manchester-39554242_img01.jpg,0.004669,NO_DATAVIZ
D:\FR\IGD\IPCC internship\output\bbc\bbc_images\bbc_2017-05-19_uk-england-beds-bucks-herts-39979527_img01.jpg,0.005840,NO_DATAVIZ
D:\FR\IGD\IPCC internship\output\bbc\bbc_images\bbc_2017-05-19_uk-england-beds-bucks-herts-39979527_img02.jpg,0.007843,NO_DATAVIZ
D:\FR\IGD\IPCC internship\output\bbc\bbc_images\bbc_2017-06-20_uk-england-london-40345969_img01.jpg,0.009280,NO_DATAVIZ
D:\FR\IGD\IPCC internship\output\bbc\bbc_images\bbc_2017-06-20_uk-england-london-40345969_img02.jpg,0.010466,NO_DATAVIZ
D:\FR\IGD\IPCC internship\output\bbc\bbc_images\bbc_2017-06-20_uk-england-south-yorkshire-40341219_img01.jpg,0.009821,NO_DATAVIZ
D:\FR\IGD\IPCC internship\output\bbc\bbc_images\bbc_2017-06-20_uk-england-south-yorkshire-40341219_img02.jpg,0.006595,NO_DATAVIZ
D:\FR\IGD\IPCC internship\output\bbc\bbc_images\bbc_2017-06-20_uk-england-south-yorkshire-40341219_img03.jpg,0.031626,NO_DATAVIZ
D:\FR\IGD\IPCC internship\output\bbc\bbc_images\bbc_2017-07-07_uk-wales-south-east-wales-40530547_img01.jpg,0.047284,NO_DATAVIZ
D:\FR\IGD\IPCC internship\output\bbc\bbc_images\bbc_2017-07-11_uk-england-gloucestershire-40572606_img01.jpg,0.054680,NO_DATAVIZ
D:\FR\IGD\IPCC internship\output\bbc\bbc_images\bbc_2017-07-21_uk-england-coventry-warwickshire-40683047_img01.jpg,0.004191,NO_DATAVIZ
D:\FR\IGD\IPCC internship\output\bbc\bbc_images\bbc_2017-08-03_uk-england-nottinghamshire-40813432_img01.jpg,0.007830,NO_DATAVIZ
D:\FR\IGD\IPCC internship\output\bbc\bbc_images\bbc_2017-08-03_uk-england-nottinghamshire-40813432_img02.jpg,0.029153,NO_DATAVIZ
D:\FR\IGD\IPCC internship\output\bbc\bbc_images\bbc_2017-08-03_uk-england-nottinghamshire-40813432_img03.jpg,0.011572,NO_DATAVIZ
D:\FR\IGD\IPCC internship\output\bbc\bbc_images\bbc_2017-08-04_uk-england-london-40824830_img01.jpg,0.006117,NO_DATAVIZ
D:\FR\IGD\IPCC internship\output\bbc\bbc_images\bbc_2017-08-04_uk-england-london-40824830_img02.jpg,0.040796,NO_DATAVIZ
D:\FR\IGD\IPCC internship\output\bbc\bbc_images\bbc_2017-08-04_uk-england-manchester-40827047_img01.jpg,0.019828,NO_DATAVIZ
D:\FR\IGD\IPCC internship\output\bbc\bbc_images\bbc_2017-08-06_uk-wales-south-east-wales-40837062_img01.jpg,0.175563,NO_DATAVIZ
D:\FR\IGD\IPCC internship\output\bbc\bbc_images\bbc_2017-08-06_uk-wales-south-east-wales-40837062_img02.jpg,0.167935,NO_DATAVIZ
D:\FR\IGD\IPCC internship\output\bbc\bbc_images\bbc_2017-08-07_uk-england-stoke-staffordshire-40854679_img01.jpg,0.016196,NO_DATAVIZ
D:\FR\IGD\IPCC internship\output\bbc\bbc_images\bbc_2017-08-07_uk-england-stoke-staffordshire-40854679_img02.jpg,0.012477,NO_DATAVIZ
D:\FR\IGD\IPCC internship\output\bbc\bbc_images\bbc_2017-08-16_uk-england-northamptonshire-40950234_img01.jpg,0.002868,NO_DATAVIZ
D:\FR\IGD\IPCC internship\output\bbc\bbc_images\bbc_2017-08-16_uk-england-northamptonshire-40950234_img02.jpg,0.005505,NO_DATAVIZ
D:\FR\IGD\IPCC internship\output\bbc\bbc_images\bbc_2017-08-16_uk-england-northamptonshire-40950234_img03.png,0.028320,NO_DATAVIZ
D:\FR\IGD\IPCC internship\output\bbc\bbc_images\bbc_2017-08-16_uk-wales-north-east-wales-40950249_img01.jpg,0.006205,NO_DATAVIZ
D:\FR\IGD\IPCC internship\output\bbc\bbc_images\bbc_2017-09-19_science-environment-41319885_img01.jpg,0.128404,NO_DATAVIZ
D:\FR\IGD\IPCC internship\output\bbc\bbc_images\bbc_2017-09-19_science-environment-41319885_img02.jpg,0.069601,NO_DATAVIZ
D:\FR\IGD\IPCC internship\output\bbc\bbc_images\bbc_2017-10-04_uk-england-birmingham-41501644_img01.jpg,0.015956,NO_DATAVIZ
D:\FR\IGD\IPCC internship\output\bbc\bbc_images\bbc_2017-10-04_uk-england-leeds-41504522_img01.jpg,0.005164,NO_DATAVIZ
D:\FR\IGD\IPCC internship\output\bbc\bbc_images\bbc_2017-10-04_uk-england-leeds-41504522_img02.jpg,0.062054,NO_DATAVIZ
D:\FR\IGD\IPCC internship\output\bbc\bbc_images\bbc_2017-10-20_uk-england-kent-41694886_img01.jpg,0.029501,NO_DATAVIZ
D:\FR\IGD\IPCC internship\output\bbc\bbc_images\bbc_2017-11-02_uk-england-lancashire-41839276_img01.jpg,0.051088,NO_DATAVIZ
D:\FR\IGD\IPCC internship\output\bbc\bbc_images\bbc_2017-11-21_uk-england-merseyside-42064131_img01.jpg,0.083536,NO_DATAVIZ
D:\FR\IGD\IPCC internship\output\bbc\bbc_images\bbc_2017-12-19_uk-england-cumbria-42411420_img01.jpg,0.006598,NO_DATAVIZ
D:\FR\IGD\IPCC internship\output\bbc\bbc_images\bbc_2017-12-19_uk-england-cumbria-42411420_img02.jpg,0.044942,NO_DATAVIZ
D:\FR\IGD\IPCC internship\output\bbc\bbc_images\bbc_2017-12-20_uk-england-leeds-42427652_img01.jpg,0.097647,NO_DATAVIZ
D:\FR\IGD\IPCC internship\output\bbc\bbc_images\bbc_2017-12-30_cz913gxlw3jo_img01.jpg,0.021838,NO_DATAVIZ
D:\FR\IGD\IPCC internship\output\bbc\bbc_images\bbc_2017-12-30_cz913gxlw3jo_img02.png,0.611223,DATAVIZ
D:\FR\IGD\IPCC internship\output\bbc\bbc_images\bbc_2017-12-30_cz913gxlw3jo_img03.png,0.386814,NO_DATAVIZ
D:\FR\IGD\IPCC internship\output\bbc\bbc_images\bbc_2017-12-30_cz913gxlw3jo_img04.png,0.168246,NO_DATAVIZ
D:\FR\IGD\IPCC internship\output\bbc\bbc_images\bbc_2017-12-30_cz913gxlw3jo_img05.png,0.734000,DATAVIZ
D:\FR\IGD\IPCC internship\output\bbc\bbc_images\bbc_2017-12-30_cz913gxlw3jo_img06.jpg,0.066340,NO_DATAVIZ
D:\FR\IGD\IPCC internship\output\bbc\bbc_images\bbc_2018-01-06_uk-england-nottinghamshire-42592470_img01.jpg,0.117173,NO_DATAVIZ
D:\FR\IGD\IPCC internship\output\bbc\bbc_images\bbc_2018-01-06_uk-england-nottinghamshire-42592470_img02.jpg,0.065345,NO_DATAVIZ
D:\FR\IGD\IPCC internship\output\bbc\bbc_images\bbc_2018-07-12_uk-england-44808202_img01.jpg,0.030528,NO_DATAVIZ
D:\FR\IGD\IPCC internship\output\bbc\bbc_images\bbc_2018-07-12_uk-england-44808202_img02.jpg,0.034164,NO_DATAVIZ
D:\FR\IGD\IPCC internship\output\bbc\bbc_images\bbc_2018-07-12_uk-england-44808202_img03.jpg,0.053270,NO_DATAVIZ
D:\FR\IGD\IPCC internship\output\bbc\bbc_images\bbc_2018-10-01_science-environment-45653099_img01.jpg,0.013088,NO_DATAVIZ
D:\FR\IGD\IPCC internship\output\bbc\bbc_images\bbc_2018-10-01_science-environment-45653099_img02.jpg,0.135016,NO_DATAVIZ
D:\FR\IGD\IPCC internship\output\bbc\bbc_images\bbc_2018-10-01_science-environment-45653099_img03.jpg,0.059037,NO_DATAVIZ
D:\FR\IGD\IPCC internship\output\bbc\bbc_images\bbc_2018-10-01_science-environment-45653099_img04.jpg,0.027824,NO_DATAVIZ
D:\FR\IGD\IPCC internship\output\bbc\bbc_images\bbc_2018-10-01_science-environment-45653099_img05.jpg,0.024043,NO_DATAVIZ
D:\FR\IGD\IPCC internship\output\bbc\bbc_images\bbc_2018-10-01_science-environment-45653099_img06.png,0.937132,DATAVIZ
D:\FR\IGD\IPCC internship\output\bbc\bbc_images\bbc_2018-10-02_science-environment-45678338_img01.jpg,0.139846,NO_DATAVIZ
D:\FR\IGD\IPCC internship\output\bbc\bbc_images\bbc_2018-10-02_science-environment-45678338_img02.jpg,0.075331,NO_DATAVIZ
D:\FR\IGD\IPCC internship\output\bbc\bbc_images\bbc_2018-10-02_science-environment-45678338_img05.png,0.421083,NO_DATAVIZ
D:\FR\IGD\IPCC internship\output\bbc\bbc_images\bbc_2018-10-02_science-environment-45678338_img06.jpg,0.100826,NO_DATAVIZ
D:\FR\IGD\IPCC internship\output\bbc\bbc_images\bbc_2018-10-03_science-environment-45720740_img01.png,0.032481,NO_DATAVIZ
D:\FR\IGD\IPCC internship\output\bbc\bbc_images\bbc_2018-10-03_science-environment-45720740_img02.png,0.105378,NO_DATAVIZ
D:\FR\IGD\IPCC internship\output\bbc\bbc_images\bbc_2018-10-03_science-environment-45720740_img03.png,0.053292,NO_DATAVIZ
D:\FR\IGD\IPCC internship\output\bbc\bbc_images\bbc_2018-10-05_science-environment-45742191_img01.png,0.055027,NO_DATAVIZ
D:\FR\IGD\IPCC internship\output\bbc\bbc_images\bbc_2018-10-05_science-environment-45742191_img02.jpg,0.076118,NO_DATAVIZ
D:\FR\IGD\IPCC internship\output\bbc\bbc_images\bbc_2018-10-05_science-environment-45742191_img03.png,0.040914,NO_DATAVIZ
D:\FR\IGD\IPCC internship\output\bbc\bbc_images\bbc_2018-10-05_science-environment-45742191_img04.jpg,0.073109,NO_DATAVIZ
D:\FR\IGD\IPCC internship\output\bbc\bbc_images\bbc_2018-10-05_science-environment-45742191_img05.png,0.068798,NO_DATAVIZ
D:\FR\IGD\IPCC internship\output\bbc\bbc_images\bbc_2018-10-08_science-environment-45784892_img01.jpg,0.022794,NO_DATAVIZ
D:\FR\IGD\IPCC internship\output\bbc\bbc_images\bbc_2018-10-08_science-environment-45784892_img02.jpg,0.038930,NO_DATAVIZ
D:\FR\IGD\IPCC internship\output\bbc\bbc_images\bbc_2018-10-08_science-environment-45784892_img03.png,0.513723,DATAVIZ
D:\FR\IGD\IPCC internship\output\bbc\bbc_images\bbc_2018-10-08_science-environment-45784892_img05.jpg,0.067459,NO_DATAVIZ
D:\FR\IGD\IPCC internship\output\bbc\bbc_images\bbc_2018-10-08_science-environment-45784892_img06.jpg,0.122152,NO_DATAVIZ
D:\FR\IGD\IPCC internship\output\bbc\bbc_images\bbc_2018-10-11_science-environment-45827068_img01.jpg,0.135258,NO_DATAVIZ
D:\FR\IGD\IPCC internship\output\bbc\bbc_images\bbc_2018-10-11_science-environment-45827068_img02.jpg,0.037856,NO_DATAVIZ
D:\FR\IGD\IPCC internship\output\bbc\bbc_images\bbc_2018-10-11_science-environment-45827068_img03.jpg,0.038505,NO_DATAVIZ
D:\FR\IGD\IPCC internship\output\bbc\bbc_images\bbc_2019-05-20_science-environment-48337629_img01.jpg,0.018165,NO_DATAVIZ
D:\FR\IGD\IPCC internship\output\bbc\bbc_images\bbc_2019-05-20_science-environment-48337629_img02.jpg,0.037742,NO_DATAVIZ
D:\FR\IGD\IPCC internship\output\bbc\bbc_images\bbc_2019-05-20_science-environment-48337629_img03.jpg,0.041961,NO_DATAVIZ
D:\FR\IGD\IPCC internship\output\bbc\bbc_images\bbc_2019-05-20_science-environment-48337629_img04.png,0.045552,NO_DATAVIZ
D:\FR\IGD\IPCC internship\output\bbc\bbc_images\bbc_2019-05-20_science-environment-48337629_img05.png,0.130862,NO_DATAVIZ
D:\FR\IGD\IPCC internship\output\bbc\bbc_images\bbc_2019-06-27_science-environment-48786296_img01.jpg,0.150055,NO_DATAVIZ
D:\FR\IGD\IPCC internship\output\bbc\bbc_images\bbc_2019-06-27_science-environment-48786296_img02.jpg,0.007627,NO_DATAVIZ
D:\FR\IGD\IPCC internship\output\bbc\bbc_images\bbc_2019-06-27_science-environment-48786296_img03.jpg,0.013957,NO_DATAVIZ
D:\FR\IGD\IPCC internship\output\bbc\bbc_images\bbc_2019-07-02_science-environment-48840528_img01.jpg,0.093547,NO_DATAVIZ
D:\FR\IGD\IPCC internship\output\bbc\bbc_images\bbc_2019-07-02_science-environment-48840528_img03.jpg,0.020070,NO_DATAVIZ
D:\FR\IGD\IPCC internship\output\bbc\bbc_images\bbc_2019-07-02_science-environment-48840528_img04.png,0.344173,NO_DATAVIZ
D:\FR\IGD\IPCC internship\output\bbc\bbc_images\bbc_2019-10-30_science-environment-50236882_img01.jpg,0.040590,NO_DATAVIZ
D:\FR\IGD\IPCC internship\output\bbc\bbc_images\bbc_2019-10-30_science-environment-50236882_img02.png,0.630139,DATAVIZ
D:\FR\IGD\IPCC internship\output\bbc\bbc_images\bbc_2019-10-30_science-environment-50236882_img03.png,0.044358,NO_DATAVIZ
D:\FR\IGD\IPCC internship\output\bbc\bbc_images\bbc_2019-10-30_science-environment-50236882_img04.png,0.069601,NO_DATAVIZ
D:\FR\IGD\IPCC internship\output\bbc\bbc_images\bbc_2019-10-30_science-environment-50236882_img05.png,0.628308,DATAVIZ
D:\FR\IGD\IPCC internship\output\bbc\bbc_images\bbc_2019-10-30_science-environment-50236882_img06.png,0.097789,NO_DATAVIZ
D:\FR\IGD\IPCC internship\output\bbc\bbc_images\bbc_2019-11-15_science-environment-50438611_img01.jpg,0.052345,NO_DATAVIZ
D:\FR\IGD\IPCC internship\output\bbc\bbc_images\bbc_2019-11-15_science-environment-50438611_img02.jpg,0.035559,NO_DATAVIZ
D:\FR\IGD\IPCC internship\output\bbc\bbc_images\bbc_2019-11-15_science-environment-50438611_img03.png,0.617978,DATAVIZ
D:\FR\IGD\IPCC internship\output\bbc\bbc_images\bbc_2019-11-15_science-environment-50438611_img04.png,0.717246,DATAVIZ
D:\FR\IGD\IPCC internship\output\bbc\bbc_images\bbc_2019-11-15_science-environment-50438611_img05.jpg,0.076654,NO_DATAVIZ
D:\FR\IGD\IPCC internship\output\bbc\bbc_images\bbc_2020-02-14_science-environment-51283716_img01.jpg,0.043275,NO_DATAVIZ
D:\FR\IGD\IPCC internship\output\bbc\bbc_images\bbc_2020-02-14_science-environment-51283716_img02.png,0.720563,DATAVIZ
D:\FR\IGD\IPCC internship\output\bbc\bbc_images\bbc_2020-02-14_science-environment-51283716_img03.jpg,0.032350,NO_DATAVIZ
D:\FR\IGD\IPCC internship\output\bbc\bbc_images\bbc_2020-02-14_science-environment-51283716_img04.jpg,0.029450,NO_DATAVIZ
D:\FR\IGD\IPCC internship\output\bbc\bbc_images\bbc_2020-02-14_science-environment-51283716_img05.jpg,0.041505,NO_DATAVIZ
D:\FR\IGD\IPCC internship\output\bbc\bbc_images\bbc_2020-07-09_science-environment-53342806_img01.png,0.018332,NO_DATAVIZ
D:\FR\IGD\IPCC internship\output\bbc\bbc_images\bbc_2020-07-09_science-environment-53342806_img02.png,0.044020,NO_DATAVIZ
D:\FR\IGD\IPCC internship\output\bbc\bbc_images\bbc_2020-07-09_science-environment-53342806_img03.png,0.053454,NO_DATAVIZ
D:\FR\IGD\IPCC internship\output\bbc\bbc_images\bbc_2020-08-19_science-environment-53836018_img01.png,0.054917,NO_DATAVIZ
D:\FR\IGD\IPCC internship\output\bbc\bbc_images\bbc_2020-08-19_science-environment-53836018_img02.png,0.031285,NO_DATAVIZ
D:\FR\IGD\IPCC internship\output\bbc\bbc_images\bbc_2020-08-19_science-environment-53836018_img03.png,0.106542,NO_DATAVIZ
D:\FR\IGD\IPCC internship\output\bbc\bbc_images\bbc_2020-08-19_science-environment-53836018_img04.png,0.067587,NO_DATAVIZ
D:\FR\IGD\IPCC internship\output\bbc\bbc_images\bbc_2020-11-04_uk-england-cornwall-54798122_img01.jpg,0.053545,NO_DATAVIZ
D:\FR\IGD\IPCC internship\output\bbc\bbc_images\bbc_2020-11-04_uk-england-cornwall-54798122_img02.jpg,0.055200,NO_DATAVIZ
D:\FR\IGD\IPCC internship\output\bbc\bbc_images\bbc_2021-02-26_science-environment-56208651_img01.jpg,0.054858,NO_DATAVIZ
D:\FR\IGD\IPCC internship\output\bbc\bbc_images\bbc_2021-04-30_science-environment-56935097_img01.jpg,0.023605,NO_DATAVIZ
D:\FR\IGD\IPCC internship\output\bbc\bbc_images\bbc_2021-04-30_science-environment-56935097_img02.jpg,0.048294,NO_DATAVIZ
D:\FR\IGD\IPCC internship\output\bbc\bbc_images\bbc_2021-04-30_science-environment-56935097_img03.jpg,0.060919,NO_DATAVIZ
D:\FR\IGD\IPCC internship\output\bbc\bbc_images\bbc_2021-04-30_science-environment-56935097_img04.png,0.122029,NO_DATAVIZ
D:\FR\IGD\IPCC internship\output\bbc\bbc_images\bbc_2021-04-30_science-environment-56935097_img05.jpg,0.565175,DATAVIZ
D:\FR\IGD\IPCC internship\output\bbc\bbc_images\bbc_2021-04-30_science-environment-56935097_img06.jpg,0.091410,NO_DATAVIZ
D:\FR\IGD\IPCC internship\output\bbc\bbc_images\bbc_2021-08-09_cy4dgp1p3p1o_img01.jpg,0.027803,NO_DATAVIZ
D:\FR\IGD\IPCC internship\output\bbc\bbc_images\bbc_2021-08-09_cy4dgp1p3p1o_img02.png,0.689827,DATAVIZ
D:\FR\IGD\IPCC internship\output\bbc\bbc_images\bbc_2021-08-09_cy4dgp1p3p1o_img03.png,0.312438,NO_DATAVIZ
D:\FR\IGD\IPCC internship\output\bbc\bbc_images\bbc_2021-08-09_cy4dgp1p3p1o_img04.png,0.279898,NO_DATAVIZ
D:\FR\IGD\IPCC internship\output\bbc\bbc_images\bbc_2021-08-09_cy4dgp1p3p1o_img05.jpg,0.069181,NO_DATAVIZ
D:\FR\IGD\IPCC internship\output\bbc\bbc_images\bbc_2021-08-09_cy4dgp1p3p1o_img06.jpg,0.035153,NO_DATAVIZ
D:\FR\IGD\IPCC internship\output\bbc\bbc_images\bbc_2021-08-09_science-environment-58130705_img04.jpg,0.048848,NO_DATAVIZ
D:\FR\IGD\IPCC internship\output\bbc\bbc_images\bbc_2021-08-09_science-environment-58130705_img05.jpg,0.094520,NO_DATAVIZ
D:\FR\IGD\IPCC internship\output\bbc\bbc_images\bbc_2021-08-09_science-environment-58130705_img06.png,0.524895,DATAVIZ
D:\FR\IGD\IPCC internship\output\bbc\bbc_images\bbc_2021-08-09_science-environment-58138714_img01.png,0.102690,NO_DATAVIZ
D:\FR\IGD\IPCC internship\output\bbc\bbc_images\bbc_2021-08-09_science-environment-58138714_img02.png,0.650397,DATAVIZ
D:\FR\IGD\IPCC internship\output\bbc\bbc_images\bbc_2021-08-09_science-environment-58138714_img03.jpg,0.068873,NO_DATAVIZ
D:\FR\IGD\IPCC internship\output\bbc\bbc_images\bbc_2021-08-09_science-environment-58138714_img04.jpg,0.077082,NO_DATAVIZ
D:\FR\IGD\IPCC internship\output\bbc\bbc_images\bbc_2021-08-09_science-environment-58138714_img05.png,0.793591,DATAVIZ
D:\FR\IGD\IPCC internship\output\bbc\bbc_images\bbc_2021-08-09_science-environment-58138714_img06.png,0.044358,NO_DATAVIZ
D:\FR\IGD\IPCC internship\output\bbc\bbc_images\bbc_2021-08-09_science-environment-58138714_img07.png,0.719498,DATAVIZ
D:\FR\IGD\IPCC internship\output\bbc\bbc_images\bbc_2021-08-09_science-environment-58138714_img08.jpg,0.043240,NO_DATAVIZ
D:\FR\IGD\IPCC internship\output\bbc\bbc_images\bbc_2021-08-09_science-environment-58138714_img09.png,0.687721,DATAVIZ
D:\FR\IGD\IPCC internship\output\bbc\bbc_images\bbc_2021-08-09_science-environment-58138714_img10.png,0.519771,DATAVIZ
D:\FR\IGD\IPCC internship\output\bbc\bbc_images\bbc_2021-08-09_science-environment-58141129_img01.jpg,0.028264,NO_DATAVIZ
D:\FR\IGD\IPCC internship\output\bbc\bbc_images\bbc_2021-08-09_science-environment-58141129_img03.png,0.166132,NO_DATAVIZ
D:\FR\IGD\IPCC internship\output\bbc\bbc_images\bbc_2021-08-09_science-environment-58141129_img04.png,0.656298,DATAVIZ
D:\FR\IGD\IPCC internship\output\bbc\bbc_images\bbc_2021-08-09_science-environment-58141129_img05.png,0.074093,NO_DATAVIZ
D:\FR\IGD\IPCC internship\output\bbc\bbc_images\bbc_2021-08-09_science-environment-58141129_img06.png,0.118144,NO_DATAVIZ
D:\FR\IGD\IPCC internship\output\bbc\bbc_images\bbc_2021-08-09_science-environment-58141129_img07.png,0.381059,NO_DATAVIZ
D:\FR\IGD\IPCC internship\output\bbc\bbc_images\bbc_2021-08-09_uk-wales-58146128_img01.jpg,0.035474,NO_DATAVIZ
D:\FR\IGD\IPCC internship\output\bbc\bbc_images\bbc_2021-08-09_uk-wales-58146128_img03.png,0.365451,NO_DATAVIZ
D:\FR\IGD\IPCC internship\output\bbc\bbc_images\bbc_2021-08-09_uk-wales-58146128_img05.jpg,0.008591,NO_DATAVIZ
D:\FR\IGD\IPCC internship\output\bbc\bbc_images\bbc_2021-08-09_uk-wales-58146128_img06.jpg,0.006869,NO_DATAVIZ
D:\FR\IGD\IPCC internship\output\bbc\bbc_images\bbc_2021-08-09_uk-wales-58146128_img07.png,0.179976,NO_DATAVIZ
D:\FR\IGD\IPCC internship\output\bbc\bbc_images\bbc_2021-08-09_uk-wales-58146128_img08.png,0.130694,NO_DATAVIZ
D:\FR\IGD\IPCC internship\output\bbc\bbc_images\bbc_2021-08-09_world-58064485_img01.jpg,0.023689,NO_DATAVIZ
D:\FR\IGD\IPCC internship\output\bbc\bbc_images\bbc_2021-08-09_world-58064485_img02.png,0.719498,DATAVIZ
D:\FR\IGD\IPCC internship\output\bbc\bbc_images\bbc_2021-08-09_world-58064485_img03.png,0.519771,DATAVIZ
D:\FR\IGD\IPCC internship\output\bbc\bbc_images\bbc_2021-08-09_world-58064485_img04.png,0.044358,NO_DATAVIZ
D:\FR\IGD\IPCC internship\output\bbc\bbc_images\bbc_2021-08-10_world-asia-india-58155294_img01.jpg,0.029138,NO_DATAVIZ
D:\FR\IGD\IPCC internship\output\bbc\bbc_images\bbc_2021-08-10_world-asia-india-58155294_img02.jpg,0.023540,NO_DATAVIZ
D:\FR\IGD\IPCC internship\output\bbc\bbc_images\bbc_2021-08-10_world-asia-india-58155294_img03.jpg,0.037964,NO_DATAVIZ
D:\FR\IGD\IPCC internship\output\bbc\bbc_images\bbc_2021-08-10_world-asia-india-58155294_img04.jpg,0.018716,NO_DATAVIZ
D:\FR\IGD\IPCC internship\output\bbc\bbc_images\bbc_2021-09-08_science-environment-58494391_img01.jpg,0.041721,NO_DATAVIZ
D:\FR\IGD\IPCC internship\output\bbc\bbc_images\bbc_2021-09-08_science-environment-58494391_img02.jpg,0.017262,NO_DATAVIZ
D:\FR\IGD\IPCC internship\output\bbc\bbc_images\bbc_2021-09-08_science-environment-58494391_img03.jpg,0.112153,NO_DATAVIZ
D:\FR\IGD\IPCC internship\output\bbc\bbc_images\bbc_2021-10-18_cx238yyr40qo_img01.jpg,0.066376,NO_DATAVIZ
D:\FR\IGD\IPCC internship\output\bbc\bbc_images\bbc_2021-10-18_cx238yyr40qo_img02.jpg,0.035898,NO_DATAVIZ
D:\FR\IGD\IPCC internship\output\bbc\bbc_images\bbc_2021-10-18_cx238yyr40qo_img03.jpg,0.047733,NO_DATAVIZ
D:\FR\IGD\IPCC internship\output\bbc\bbc_images\bbc_2021-10-18_cx238yyr40qo_img04.jpg,0.049433,NO_DATAVIZ
D:\FR\IGD\IPCC internship\output\bbc\bbc_images\bbc_2021-10-27_world-asia-india-58922398_img01.jpg,0.100697,NO_DATAVIZ
D:\FR\IGD\IPCC internship\output\bbc\bbc_images\bbc_2021-10-27_world-asia-india-58922398_img02.png,0.767167,DATAVIZ
D:\FR\IGD\IPCC internship\output\bbc\bbc_images\bbc_2021-10-27_world-asia-india-58922398_img03.jpg,0.021237,NO_DATAVIZ
D:\FR\IGD\IPCC internship\output\bbc\bbc_images\bbc_2021-10-27_world-asia-india-58922398_img04.png,0.799416,DATAVIZ
D:\FR\IGD\IPCC internship\output\bbc\bbc_images\bbc_2021-10-27_world-asia-india-58922398_img06.jpg,0.082051,NO_DATAVIZ
D:\FR\IGD\IPCC internship\output\bbc\bbc_images\bbc_2021-10-31_uk-59110765_img01.jpg,0.112734,NO_DATAVIZ
D:\FR\IGD\IPCC internship\output\bbc\bbc_images\bbc_2021-10-31_uk-59110765_img03.png,0.068671,NO_DATAVIZ
D:\FR\IGD\IPCC internship\output\bbc\bbc_images\bbc_2021-10-31_uk-59110765_img04.png,0.229044,NO_DATAVIZ
D:\FR\IGD\IPCC internship\output\bbc\bbc_images\bbc_2021-10-31_uk-59110765_img05.png,0.868434,DATAVIZ
D:\FR\IGD\IPCC internship\output\bbc\bbc_images\bbc_2021-10-31_uk-59110765_img06.png,0.061425,NO_DATAVIZ
D:\FR\IGD\IPCC internship\output\bbc\bbc_images\bbc_2021-11-11_science-environment-59253928_img01.jpg,0.032186,NO_DATAVIZ
D:\FR\IGD\IPCC internship\output\bbc\bbc_images\bbc_2021-11-30_uk-england-norfolk-59474711_img01.jpg,0.110631,NO_DATAVIZ
D:\FR\IGD\IPCC internship\output\bbc\bbc_images\bbc_2021-11-30_uk-england-norfolk-59474711_img02.jpg,0.049664,NO_DATAVIZ
D:\FR\IGD\IPCC internship\output\bbc\bbc_images\bbc_2022-01-25_uk-england-suffolk-60120043_img01.jpg,0.045280,NO_DATAVIZ
D:\FR\IGD\IPCC internship\output\bbc\bbc_images\bbc_2022-01-25_uk-england-suffolk-60120043_img02.jpg,0.004832,NO_DATAVIZ
D:\FR\IGD\IPCC internship\output\bbc\bbc_images\bbc_2022-02-22_science-environment-60431081_img01.jpg,0.058933,NO_DATAVIZ
D:\FR\IGD\IPCC internship\output\bbc\bbc_images\bbc_2022-02-22_science-environment-60431081_img02.jpg,0.099830,NO_DATAVIZ
D:\FR\IGD\IPCC internship\output\bbc\bbc_images\bbc_2022-02-22_science-environment-60431081_img04.jpg,0.032862,NO_DATAVIZ
D:\FR\IGD\IPCC internship\output\bbc\bbc_images\bbc_2022-02-22_science-environment-60431081_img05.jpg,0.018320,NO_DATAVIZ
D:\FR\IGD\IPCC internship\output\bbc\bbc_images\bbc_2022-02-22_science-environment-60431081_img06.jpg,0.026736,NO_DATAVIZ
D:\FR\IGD\IPCC internship\output\bbc\bbc_images\bbc_2022-02-28_science-environment-60525591_img01.jpg,0.058701,NO_DATAVIZ
D:\FR\IGD\IPCC internship\output\bbc\bbc_images\bbc_2022-02-28_science-environment-60525591_img02.jpg,0.048484,NO_DATAVIZ
D:\FR\IGD\IPCC internship\output\bbc\bbc_images\bbc_2022-02-28_science-environment-60525591_img03.jpg,0.037875,NO_DATAVIZ
D:\FR\IGD\IPCC internship\output\bbc\bbc_images\bbc_2022-02-28_science-environment-60525591_img05.jpg,0.030909,NO_DATAVIZ
D:\FR\IGD\IPCC internship\output\bbc\bbc_images\bbc_2022-03-01_science-environment-60541816_img01.jpg,0.036310,NO_DATAVIZ
D:\FR\IGD\IPCC internship\output\bbc\bbc_images\bbc_2022-03-01_science-environment-60541816_img02.jpg,0.033613,NO_DATAVIZ
D:\FR\IGD\IPCC internship\output\bbc\bbc_images\bbc_2022-03-01_science-environment-60541816_img03.jpg,0.024127,NO_DATAVIZ
D:\FR\IGD\IPCC internship\output\bbc\bbc_images\bbc_2022-03-01_science-environment-60541816_img04.jpg,0.135857,NO_DATAVIZ
D:\FR\IGD\IPCC internship\output\bbc\bbc_images\bbc_2022-03-01_science-environment-60541816_img05.jpg,0.115419,NO_DATAVIZ
D:\FR\IGD\IPCC internship\output\bbc\bbc_images\bbc_2022-03-21_science-environment-60798220_img01.jpg,0.078237,NO_DATAVIZ
D:\FR\IGD\IPCC internship\output\bbc\bbc_images\bbc_2022-03-21_science-environment-60798220_img04.jpg,0.018066,NO_DATAVIZ
D:\FR\IGD\IPCC internship\output\bbc\bbc_images\bbc_2022-04-03_science-environment-60959306_img01.jpg,0.084900,NO_DATAVIZ
D:\FR\IGD\IPCC internship\output\bbc\bbc_images\bbc_2022-04-03_science-environment-60959306_img02.jpg,0.047275,NO_DATAVIZ
D:\FR\IGD\IPCC internship\output\bbc\bbc_images\bbc_2022-04-03_science-environment-60959306_img03.jpg,0.018294,NO_DATAVIZ
D:\FR\IGD\IPCC internship\output\bbc\bbc_images\bbc_2022-04-04_science-environment-60984663_img01.jpg,0.086480,NO_DATAVIZ
D:\FR\IGD\IPCC internship\output\bbc\bbc_images\bbc_2022-04-04_science-environment-60984663_img02.jpg,0.027122,NO_DATAVIZ
D:\FR\IGD\IPCC internship\output\bbc\bbc_images\bbc_2022-04-04_science-environment-60984663_img03.jpg,0.110777,NO_DATAVIZ
D:\FR\IGD\IPCC internship\output\bbc\bbc_images\bbc_2022-04-04_science-environment-60984663_img04.jpg,0.069968,NO_DATAVIZ
D:\FR\IGD\IPCC internship\output\bbc\bbc_images\bbc_2022-04-04_science-environment-60987614_img01.jpg,0.026528,NO_DATAVIZ
D:\FR\IGD\IPCC internship\output\bbc\bbc_images\bbc_2022-04-04_science-environment-60987614_img02.jpg,0.085800,NO_DATAVIZ
D:\FR\IGD\IPCC internship\output\bbc\bbc_images\bbc_2022-04-04_science-environment-60987614_img03.jpg,0.139895,NO_DATAVIZ
D:\FR\IGD\IPCC internship\output\bbc\bbc_images\bbc_2022-04-04_science-environment-60987614_img04.jpg,0.048654,NO_DATAVIZ
D:\FR\IGD\IPCC internship\output\bbc\bbc_images\bbc_2022-04-13_science-environment-61095961_img01.jpg,0.032215,NO_DATAVIZ
D:\FR\IGD\IPCC internship\output\bbc\bbc_images\bbc_2022-04-13_science-environment-61095961_img02.jpg,0.075079,NO_DATAVIZ
D:\FR\IGD\IPCC internship\output\bbc\bbc_images\bbc_2022-04-13_science-environment-61095961_img03.jpg,0.043270,NO_DATAVIZ
D:\FR\IGD\IPCC internship\output\bbc\bbc_images\bbc_2022-04-13_science-environment-61095961_img04.jpg,0.150998,NO_DATAVIZ
D:\FR\IGD\IPCC internship\output\bbc\bbc_images\bbc_2022-05-09_science-environment-61383391_img01.jpg,0.041779,NO_DATAVIZ
D:\FR\IGD\IPCC internship\output\bbc\bbc_images\bbc_2022-05-09_science-environment-61383391_img02.jpg,0.062289,NO_DATAVIZ
D:\FR\IGD\IPCC internship\output\bbc\bbc_images\bbc_2022-05-09_science-environment-61383391_img03.jpg,0.085871,NO_DATAVIZ
D:\FR\IGD\IPCC internship\output\bbc\bbc_images\bbc_2022-06-15_science-environment-61795783_img01.jpg,0.081979,NO_DATAVIZ
D:\FR\IGD\IPCC internship\output\bbc\bbc_images\bbc_2022-06-15_science-environment-61795783_img02.png,0.930888,DATAVIZ
D:\FR\IGD\IPCC internship\output\bbc\bbc_images\bbc_2022-06-15_science-environment-61795783_img03.jpg,0.035054,NO_DATAVIZ
D:\FR\IGD\IPCC internship\output\bbc\bbc_images\bbc_2022-06-15_science-environment-61795783_img04.jpg,0.009259,NO_DATAVIZ
D:\FR\IGD\IPCC internship\output\bbc\bbc_images\bbc_2022-06-15_science-environment-61795783_img05.jpg,0.076409,NO_DATAVIZ
D:\FR\IGD\IPCC internship\output\bbc\bbc_images\bbc_2022-07-28_science-environment-62322574_img01.jpg,0.063682,NO_DATAVIZ
D:\FR\IGD\IPCC internship\output\bbc\bbc_images\bbc_2022-07-28_science-environment-62322574_img02.png,0.903723,DATAVIZ
D:\FR\IGD\IPCC internship\output\bbc\bbc_images\bbc_2022-11-11_science-environment-63591796_img01.jpg,0.032056,NO_DATAVIZ
D:\FR\IGD\IPCC internship\output\bbc\bbc_images\bbc_2022-11-11_science-environment-63591796_img02.png,0.817191,DATAVIZ
D:\FR\IGD\IPCC internship\output\bbc\bbc_images\bbc_2022-11-11_science-environment-63591796_img03.jpg,0.097308,NO_DATAVIZ
D:\FR\IGD\IPCC internship\output\bbc\bbc_images\bbc_2022-11-14_science-environment-63617400_img01.jpg,0.031459,NO_DATAVIZ
D:\FR\IGD\IPCC internship\output\bbc\bbc_images\bbc_2022-11-14_science-environment-63617400_img02.png,0.044358,NO_DATAVIZ
D:\FR\IGD\IPCC internship\output\bbc\bbc_images\bbc_2022-11-14_science-environment-63617400_img03.png,0.840811,DATAVIZ
D:\FR\IGD\IPCC internship\output\bbc\bbc_images\bbc_2022-11-14_science-environment-63617400_img04.jpg,0.031070,NO_DATAVIZ
D:\FR\IGD\IPCC internship\output\bbc\bbc_images\bbc_2023-01-31_uk-england-essex-64255567_img01.jpg,0.091420,NO_DATAVIZ
D:\FR\IGD\IPCC internship\output\bbc\bbc_images\bbc_2023-01-31_uk-england-essex-64255567_img02.jpg,0.063750,NO_DATAVIZ
D:\FR\IGD\IPCC internship\output\bbc\bbc_images\bbc_2023-01-31_uk-england-essex-64255567_img03.jpg,0.033045,NO_DATAVIZ
D:\FR\IGD\IPCC internship\output\bbc\bbc_images\bbc_2023-01-31_uk-england-essex-64255567_img04.jpg,0.024619,NO_DATAVIZ
D:\FR\IGD\IPCC internship\output\bbc\bbc_images\bbc_2023-01-31_uk-england-essex-64255567_img05.jpg,0.019766,NO_DATAVIZ
D:\FR\IGD\IPCC internship\output\bbc\bbc_images\bbc_2023-01-31_uk-england-essex-64255567_img06.jpg,0.098557,NO_DATAVIZ
D:\FR\IGD\IPCC internship\output\bbc\bbc_images\bbc_2023-01-31_uk-england-essex-64255567_img07.jpg,0.038398,NO_DATAVIZ
D:\FR\IGD\IPCC internship\output\bbc\bbc_images\bbc_2023-01-31_uk-england-essex-64255567_img08.jpg,0.795792,DATAVIZ
D:\FR\IGD\IPCC internship\output\bbc\bbc_images\bbc_2023-01-31_uk-england-essex-64255567_img09.jpg,0.045861,NO_DATAVIZ
D:\FR\IGD\IPCC internship\output\bbc\bbc_images\bbc_2023-01-31_uk-england-essex-64255567_img10.jpg,0.032442,NO_DATAVIZ
D:\FR\IGD\IPCC internship\output\bbc\bbc_images\bbc_2023-01-31_uk-england-essex-64255567_img11.jpg,0.012326,NO_DATAVIZ
D:\FR\IGD\IPCC internship\output\bbc\bbc_images\bbc_2023-01-31_uk-england-essex-64255567_img12.png,0.680755,DATAVIZ
D:\FR\IGD\IPCC internship\output\bbc\bbc_images\bbc_2023-01-31_uk-england-essex-64255567_img13.jpg,0.022997,NO_DATAVIZ
D:\FR\IGD\IPCC internship\output\bbc\bbc_images\bbc_2023-05-17_science-environment-65602293_img01.jpg,0.409614,NO_DATAVIZ
D:\FR\IGD\IPCC internship\output\bbc\bbc_images\bbc_2023-05-17_science-environment-65602293_img02.jpg,0.031115,NO_DATAVIZ
D:\FR\IGD\IPCC internship\output\bbc\bbc_images\bbc_2023-05-17_science-environment-65602293_img03.png,0.644515,DATAVIZ
D:\FR\IGD\IPCC internship\output\bbc\bbc_images\bbc_2023-05-17_science-environment-65602293_img04.jpg,0.049460,NO_DATAVIZ
D:\FR\IGD\IPCC internship\output\bbc\bbc_images\bbc_2023-07-20_science-environment-66256101_img01.jpg,0.012441,NO_DATAVIZ
D:\FR\IGD\IPCC internship\output\bbc\bbc_images\bbc_2023-07-20_science-environment-66256101_img02.png,0.817191,DATAVIZ
D:\FR\IGD\IPCC internship\output\bbc\bbc_images\bbc_2023-07-26_uk-scotland-66316923_img01.jpg,0.016761,NO_DATAVIZ
D:\FR\IGD\IPCC internship\output\bbc\bbc_images\bbc_2023-07-26_uk-scotland-66316923_img02.jpg,0.069601,NO_DATAVIZ
D:\FR\IGD\IPCC internship\output\bbc\bbc_images\bbc_2023-07-26_uk-scotland-66316923_img03.png,0.035727,NO_DATAVIZ
D:\FR\IGD\IPCC internship\output\bbc\bbc_images\bbc_2023-08-05_world-europe-isle-of-man-66394605_img01.jpg,0.033308,NO_DATAVIZ
D:\FR\IGD\IPCC internship\output\bbc\bbc_images\bbc_2023-08-05_world-europe-isle-of-man-66394605_img02.jpg,0.017477,NO_DATAVIZ
D:\FR\IGD\IPCC internship\output\bbc\bbc_images\bbc_2023-08-05_world-europe-isle-of-man-66394605_img03.jpg,0.081055,NO_DATAVIZ
D:\FR\IGD\IPCC internship\output\bbc\bbc_images\bbc_2023-10-06_science-environment-66857354_img01.jpg,0.031602,NO_DATAVIZ
D:\FR\IGD\IPCC internship\output\bbc\bbc_images\bbc_2023-10-06_science-environment-66857354_img03.png,0.845780,DATAVIZ
D:\FR\IGD\IPCC internship\output\bbc\bbc_images\bbc_2023-10-06_science-environment-66857354_img04.png,0.702594,DATAVIZ
D:\FR\IGD\IPCC internship\output\bbc\bbc_images\bbc_2023-10-06_science-environment-66857354_img05.jpg,0.069601,NO_DATAVIZ
D:\FR\IGD\IPCC internship\output\bbc\bbc_images\bbc_2023-10-06_science-environment-66857354_img06.png,0.419868,NO_DATAVIZ
D:\FR\IGD\IPCC internship\output\bbc\bbc_images\bbc_2023-10-23_science-environment-67171231_img01.jpg,0.018108,NO_DATAVIZ
D:\FR\IGD\IPCC internship\output\bbc\bbc_images\bbc_2023-10-23_science-environment-67171231_img02.png,0.208492,NO_DATAVIZ
D:\FR\IGD\IPCC internship\output\bbc\bbc_images\bbc_2023-10-23_science-environment-67171231_img03.png,0.256493,NO_DATAVIZ
D:\FR\IGD\IPCC internship\output\bbc\bbc_images\bbc_2023-10-23_science-environment-67171231_img04.jpg,0.026837,NO_DATAVIZ
D:\FR\IGD\IPCC internship\output\bbc\bbc_images\bbc_2023-10-30_science-environment-67242386_img01.jpg,0.038970,NO_DATAVIZ
D:\FR\IGD\IPCC internship\output\bbc\bbc_images\bbc_2023-10-30_science-environment-67242386_img02.jpg,0.014245,NO_DATAVIZ
D:\FR\IGD\IPCC internship\output\bbc\bbc_images\bbc_2023-10-30_science-environment-67242386_img03.png,0.892931,DATAVIZ
D:\FR\IGD\IPCC internship\output\bbc\bbc_images\bbc_2023-10-30_science-environment-67242386_img04.jpg,0.093680,NO_DATAVIZ
D:\FR\IGD\IPCC internship\output\bbc\bbc_images\bbc_2023-11-28_world-67418276_img01.jpg,0.006772,NO_DATAVIZ
D:\FR\IGD\IPCC internship\output\bbc\bbc_images\bbc_2023-11-28_world-67418276_img02.jpg,0.035824,NO_DATAVIZ
D:\FR\IGD\IPCC internship\output\bbc\bbc_images\bbc_2023-11-28_world-67418276_img03.jpg,0.002817,NO_DATAVIZ
D:\FR\IGD\IPCC internship\output\bbc\bbc_images\bbc_2023-11-28_world-67418276_img04.jpg,0.011632,NO_DATAVIZ
D:\FR\IGD\IPCC internship\output\bbc\bbc_images\bbc_2023-11-28_world-67418276_img05.jpg,0.026063,NO_DATAVIZ
D:\FR\IGD\IPCC internship\output\bbc\bbc_images\bbc_2023-11-28_world-67418276_img06.jpg,0.075241,NO_DATAVIZ
D:\FR\IGD\IPCC internship\output\bbc\bbc_images\bbc_2023-11-28_world-67418276_img07.jpg,0.033219,NO_DATAVIZ
D:\FR\IGD\IPCC internship\output\bbc\bbc_images\bbc_2023-11-28_world-67418276_img08.png,0.069601,NO_DATAVIZ
D:\FR\IGD\IPCC internship\output\bbc\bbc_images\bbc_2023-11-28_world-67418276_img09.png,0.087856,NO_DATAVIZ
D:\FR\IGD\IPCC internship\output\bbc\bbc_images\bbc_2023-11-28_world-67418276_img10.png,0.088637,NO_DATAVIZ
D:\FR\IGD\IPCC internship\output\bbc\bbc_images\bbc_2023-11-28_world-67418276_img11.png,0.077647,NO_DATAVIZ
D:\FR\IGD\IPCC internship\output\bbc\bbc_images\bbc_2023-12-06_science-environment-67544977_img01.jpg,0.104429,NO_DATAVIZ
D:\FR\IGD\IPCC internship\output\bbc\bbc_images\bbc_2023-12-06_science-environment-67544977_img03.png,0.823054,DATAVIZ
D:\FR\IGD\IPCC internship\output\bbc\bbc_images\bbc_2023-12-06_science-environment-67544977_img04.png,0.788689,DATAVIZ
D:\FR\IGD\IPCC internship\output\bbc\bbc_images\bbc_2023-12-06_science-environment-67544977_img05.png,0.892142,DATAVIZ
D:\FR\IGD\IPCC internship\output\bbc\bbc_images\bbc_2023-12-06_science-environment-67544977_img06.png,0.754196,DATAVIZ
D:\FR\IGD\IPCC internship\output\bbc\bbc_images\bbc_2023-12-06_science-environment-67544977_img07.jpg,0.021163,NO_DATAVIZ
D:\FR\IGD\IPCC internship\output\bbc\bbc_images\bbc_2024-02-08_science-environment-68110310_img01.jpg,0.067974,NO_DATAVIZ
D:\FR\IGD\IPCC internship\output\bbc\bbc_images\bbc_2024-02-08_science-environment-68110310_img02.png,0.738633,DATAVIZ
D:\FR\IGD\IPCC internship\output\bbc\bbc_images\bbc_2024-02-08_science-environment-68110310_img03.png,0.795931,DATAVIZ
D:\FR\IGD\IPCC internship\output\bbc\bbc_images\bbc_2024-02-08_science-environment-68110310_img04.png,0.774610,DATAVIZ
D:\FR\IGD\IPCC internship\output\bbc\bbc_images\bbc_2024-02-08_science-environment-68110310_img05.png,0.044629,NO_DATAVIZ
D:\FR\IGD\IPCC internship\output\bbc\bbc_images\bbc_2024-02-08_science-environment-68110310_img06.png,0.126399,NO_DATAVIZ
D:\FR\IGD\IPCC internship\output\bbc\bbc_images\bbc_2024-02-28_c72g71y7j82o_img01.jpg,0.171036,NO_DATAVIZ
D:\FR\IGD\IPCC internship\output\bbc\bbc_images\bbc_2024-03-04_uk-england-bristol-68468499_img01.jpg,0.056680,NO_DATAVIZ
D:\FR\IGD\IPCC internship\output\bbc\bbc_images\bbc_2024-03-04_uk-england-bristol-68468499_img02.jpg,0.069601,NO_DATAVIZ
D:\FR\IGD\IPCC internship\output\bbc\bbc_images\bbc_2024-11-01_c05zm9vv16yo_img01.png,0.116775,NO_DATAVIZ
D:\FR\IGD\IPCC internship\output\bbc\bbc_images\bbc_2024-11-07_c1dpnxnvv2go_img01.jpg,0.041092,NO_DATAVIZ
D:\FR\IGD\IPCC internship\output\bbc\bbc_images\bbc_2024-11-07_c1dpnxnvv2go_img02.png,0.841161,DATAVIZ
D:\FR\IGD\IPCC internship\output\bbc\bbc_images\bbc_2024-11-07_c1dpnxnvv2go_img03.png,0.750794,DATAVIZ
D:\FR\IGD\IPCC internship\output\bbc\bbc_images\bbc_2024-11-07_c1dpnxnvv2go_img04.png,0.213191,NO_DATAVIZ
D:\FR\IGD\IPCC internship\output\bbc\bbc_images\bbc_2024-11-24_c87x2q0y5lgo_img01.jpg,0.172379,NO_DATAVIZ
D:\FR\IGD\IPCC internship\output\bbc\bbc_images\bbc_2024-11-29_c245e726r79o_img01.png,0.117524,NO_DATAVIZ
D:\FR\IGD\IPCC internship\output\bbc\bbc_images\bbc_2024-11-29_c245e726r79o_img02.png,0.024330,NO_DATAVIZ
D:\FR\IGD\IPCC internship\output\bbc\bbc_images\bbc_2024-11-29_c245e726r79o_img03.png,0.035019,NO_DATAVIZ
D:\FR\IGD\IPCC internship\output\bbc\bbc_images\bbc_2024-12-06_c80vejvm0edo_img01.jpg,0.016789,NO_DATAVIZ
D:\FR\IGD\IPCC internship\output\bbc\bbc_images\bbc_2024-12-11_cj6z73z34w9o_img01.jpg,0.108936,NO_DATAVIZ
D:\FR\IGD\IPCC internship\output\bbc\bbc_images\bbc_2024-12-13_cy9qv8xjd4yo_img01.jpg,0.048317,NO_DATAVIZ
D:\FR\IGD\IPCC internship\output\bbc\bbc_images\bbc_2024-12-31_cewx1pq1zxjo_img01.jpg,0.013458,NO_DATAVIZ
D:\FR\IGD\IPCC internship\output\bbc\bbc_images\bbc_2024-12-31_cewx1pq1zxjo_img02.jpg,0.012419,NO_DATAVIZ
D:\FR\IGD\IPCC internship\output\bbc\bbc_images\bbc_2024-12-31_cewx1pq1zxjo_img03.jpg,0.017834,NO_DATAVIZ
D:\FR\IGD\IPCC internship\output\bbc\bbc_images\bbc_2025-01-10_cd7575x8yq5o_img01.jpg,0.284700,NO_DATAVIZ
D:\FR\IGD\IPCC internship\output\bbc\bbc_images\bbc_2025-01-10_cd7575x8yq5o_img02.png,0.894983,DATAVIZ
D:\FR\IGD\IPCC internship\output\bbc\bbc_images\bbc_2025-01-10_cd7575x8yq5o_img03.jpg,0.578353,DATAVIZ
D:\FR\IGD\IPCC internship\output\bbc\bbc_images\bbc_2025-01-10_cd7575x8yq5o_img04.jpg,0.850104,DATAVIZ
D:\FR\IGD\IPCC internship\output\bbc\bbc_images\bbc_2025-01-10_cd7575x8yq5o_img05.jpg,0.030920,NO_DATAVIZ
D:\FR\IGD\IPCC internship\output\bbc\bbc_images\bbc_2025-01-10_cd7575x8yq5o_img06.png,0.213191,NO_DATAVIZ
D:\FR\IGD\IPCC internship\output\bbc\bbc_images\bbc_2025-01-15_c334el4gg2ko_img01.jpg,0.079367,NO_DATAVIZ
D:\FR\IGD\IPCC internship\output\bbc\bbc_images\bbc_2025-01-17_c30dn5dn53jo_img01.jpg,0.015125,NO_DATAVIZ
D:\FR\IGD\IPCC internship\output\bbc\bbc_images\bbc_2025-01-17_c30dn5dn53jo_img02.png,0.663830,DATAVIZ
D:\FR\IGD\IPCC internship\output\bbc\bbc_images\bbc_2025-01-17_c30dn5dn53jo_img04.jpg,0.057860,NO_DATAVIZ
D:\FR\IGD\IPCC internship\output\bbc\bbc_images\bbc_2025-01-17_c30dn5dn53jo_img05.png,0.213191,NO_DATAVIZ
D:\FR\IGD\IPCC internship\output\bbc\bbc_images\bbc_2025-01-24_c4g98km3k80o_img01.jpg,0.015442,NO_DATAVIZ
D:\FR\IGD\IPCC internship\output\bbc\bbc_images\bbc_2025-01-24_c4gprn6evzzo_img01.jpg,0.062256,NO_DATAVIZ
D:\FR\IGD\IPCC internship\output\bbc\bbc_images\bbc_2025-01-24_c4gprn6evzzo_img02.jpg,0.037235,NO_DATAVIZ
D:\FR\IGD\IPCC internship\output\bbc\bbc_images\bbc_2025-01-24_c4gprn6evzzo_img03.jpg,0.057075,NO_DATAVIZ
D:\FR\IGD\IPCC internship\output\bbc\bbc_images\bbc_2025-02-18_crrdl5yprdwo_img01.jpg,0.035244,NO_DATAVIZ
D:\FR\IGD\IPCC internship\output\bbc\bbc_images\bbc_2025-02-18_crrdl5yprdwo_img02.jpg,0.137770,NO_DATAVIZ
D:\FR\IGD\IPCC internship\output\bbc\bbc_images\bbc_2025-02-20_cg5d6dd9pq4o_img01.png,0.121831,NO_DATAVIZ
D:\FR\IGD\IPCC internship\output\bbc\bbc_images\bbc_2025-03-17_cly3pnjyzp4o_img01.jpg,0.034111,NO_DATAVIZ
D:\FR\IGD\IPCC internship\output\bbc\bbc_images\bbc_2025-03-17_cly3pnjyzp4o_img02.png,0.702242,DATAVIZ
D:\FR\IGD\IPCC internship\output\bbc\bbc_images\bbc_2025-03-20_cm2drrl4r4eo_img01.jpg,0.439934,NO_DATAVIZ
D:\FR\IGD\IPCC internship\output\bbc\bbc_images\bbc_2025-03-25_clyj015819qo_img01.jpg,0.136311,NO_DATAVIZ
D:\FR\IGD\IPCC internship\output\bbc\bbc_images\bbc_2025-03-29_c5y0yd3djmvo_img01.jpg,0.013856,NO_DATAVIZ
D:\FR\IGD\IPCC internship\output\bbc\bbc_images\bbc_2025-03-29_c5y0yd3djmvo_img02.jpg,0.191918,NO_DATAVIZ
D:\FR\IGD\IPCC internship\output\bbc\bbc_images\bbc_2025-03-29_c5y0yd3djmvo_img03.jpg,0.063194,NO_DATAVIZ
D:\FR\IGD\IPCC internship\output\bbc\bbc_images\bbc_2025-04-20_cnv5255zz17o_img01.png,0.039016,NO_DATAVIZ
D:\FR\IGD\IPCC internship\output\bbc\bbc_images\bbc_2025-04-20_cnv5255zz17o_img02.png,0.050877,NO_DATAVIZ
D:\FR\IGD\IPCC internship\output\bbc\bbc_images\bbc_2025-04-20_czjn0pn830ko_img01.jpg,0.021487,NO_DATAVIZ
D:\FR\IGD\IPCC internship\output\bbc\bbc_images\bbc_2025-04-20_czjn0pn830ko_img02.jpg,0.049174,NO_DATAVIZ
D:\FR\IGD\IPCC internship\output\bbc\bbc_images\bbc_2025-04-24_cx26379qnnlo_img01.jpg,0.018388,NO_DATAVIZ
D:\FR\IGD\IPCC internship\output\bbc\bbc_images\bbc_2025-04-26_cz6d71yx574o_img01.jpg,0.038765,NO_DATAVIZ
D:\FR\IGD\IPCC internship\output\bbc\bbc_images\bbc_2025-04-29_cpvrwyp0jx3o_img01.jpg,0.016091,NO_DATAVIZ
D:\FR\IGD\IPCC internship\output\bbc\bbc_images\bbc_2025-04-30_c2dekx9nw54o_img01.jpg,0.020243,NO_DATAVIZ
D:\FR\IGD\IPCC internship\output\bbc\bbc_images\bbc_2025-04-30_c2dekx9nw54o_img02.png,0.044629,NO_DATAVIZ
D:\FR\IGD\IPCC internship\output\bbc\bbc_images\bbc_2025-04-30_c2dekx9nw54o_img03.png,0.084301,NO_DATAVIZ
D:\FR\IGD\IPCC internship\output\bbc\bbc_images\bbc_2025-04-30_cq80974l402o_img01.jpg,0.012619,NO_DATAVIZ
D:\FR\IGD\IPCC internship\output\bbc\bbc_images\bbc_2025-05-15_c4gew0nj285o_img01.jpg,0.026757,NO_DATAVIZ
D:\FR\IGD\IPCC internship\output\bbc\bbc_images\bbc_2025-05-15_c4gew0nj285o_img02.jpg,0.135386,NO_DATAVIZ
D:\FR\IGD\IPCC internship\output\bbc\bbc_images\bbc_2025-05-20_cj93e40znl3o_img01.jpg,0.025250,NO_DATAVIZ
D:\FR\IGD\IPCC internship\output\bbc\bbc_images\bbc_2025-05-20_cj93e40znl3o_img02.png,0.704614,DATAVIZ
D:\FR\IGD\IPCC internship\output\bbc\bbc_images\bbc_2025-05-22_cn4gg10mr24o_img01.png,0.057236,NO_DATAVIZ
D:\FR\IGD\IPCC internship\output\bbc\bbc_images\bbc_2025-05-22_cn4gg10mr24o_img02.png,0.054657,NO_DATAVIZ
D:\FR\IGD\IPCC internship\output\bbc\bbc_images\bbc_2025-05-27_c04eg5xn3e3o_img01.png,0.060056,NO_DATAVIZ
D:\FR\IGD\IPCC internship\output\bbc\bbc_images\bbc_2025-05-27_c04eg5xn3e3o_img02.jpg,0.201620,NO_DATAVIZ
D:\FR\IGD\IPCC internship\output\bbc\bbc_images\bbc_2025-05-30_c4g360q511po_img02.jpg,0.030438,NO_DATAVIZ
D:\FR\IGD\IPCC internship\output\bbc\bbc_images\bbc_2025-05-30_c4g360q511po_img03.jpg,0.033417,NO_DATAVIZ
D:\FR\IGD\IPCC internship\output\bbc\bbc_images\bbc_2025-05-30_c4g360q511po_img04.jpg,0.006086,NO_DATAVIZ
D:\FR\IGD\IPCC internship\output\bbc\bbc_images\bbc_2025-05-30_c4g360q511po_img05.jpg,0.041778,NO_DATAVIZ
D:\FR\IGD\IPCC internship\output\bbc\bbc_images\bbc_2025-06-05_cy75jgp2epgo_img01.jpg,0.063375,NO_DATAVIZ
D:\FR\IGD\IPCC internship\output\bbc\bbc_images\bbc_2025-06-06_c74nrrzw8r9o_img01.jpg,0.017268,NO_DATAVIZ
D:\FR\IGD\IPCC internship\output\bbc\bbc_images\bbc_2025-06-06_c74nrrzw8r9o_img02.jpg,0.056055,NO_DATAVIZ
D:\FR\IGD\IPCC internship\output\bbc\bbc_images\bbc_2025-06-06_c74nrrzw8r9o_img03.jpg,0.034205,NO_DATAVIZ
D:\FR\IGD\IPCC internship\output\bbc\bbc_images\bbc_2025-06-06_c74nrrzw8r9o_img04.jpg,0.079431,NO_DATAVIZ
D:\FR\IGD\IPCC internship\output\bbc\bbc_images\bbc_2025-06-06_c74nrrzw8r9o_img05.jpg,0.008190,NO_DATAVIZ
D:\FR\IGD\IPCC internship\output\bbc\bbc_images\bbc_2025-06-12_c629ywln03do_img01.jpg,0.040265,NO_DATAVIZ
D:\FR\IGD\IPCC internship\output\bbc\bbc_images\bbc_2025-06-12_c629ywln03do_img02.jpg,0.083487,NO_DATAVIZ
D:\FR\IGD\IPCC internship\output\bbc\bbc_images\bbc_2025-06-12_c629ywln03do_img03.jpg,0.066369,NO_DATAVIZ
D:\FR\IGD\IPCC internship\output\bbc\bbc_images\bbc_2025-06-12_c629ywln03do_img04.jpg,0.060936,NO_DATAVIZ
D:\FR\IGD\IPCC internship\output\bbc\bbc_images\bbc_2025-06-12_cn4qe01v20eo_img01.jpg,0.031281,NO_DATAVIZ
D:\FR\IGD\IPCC internship\output\bbc\bbc_images\bbc_2025-06-13_cn9jr8p3zv4o_img01.jpg,0.011655,NO_DATAVIZ
D:\FR\IGD\IPCC internship\output\bbc\bbc_images\bbc_2025-06-13_cn9jr8p3zv4o_img02.jpg,0.235350,NO_DATAVIZ
D:\FR\IGD\IPCC internship\output\bbc\bbc_images\bbc_2025-06-18_c62g3dwpyweo_img01.png,0.069688,NO_DATAVIZ
D:\FR\IGD\IPCC internship\output\bbc\bbc_images\bbc_2025-06-18_c62g3dwpyweo_img02.png,0.048353,NO_DATAVIZ
D:\FR\IGD\IPCC internship\output\bbc\bbc_images\bbc_2025-06-19_cn4l927dj5zo_img01.jpg,0.046254,NO_DATAVIZ
D:\FR\IGD\IPCC internship\output\bbc\bbc_images\bbc_2025-06-19_cy7n8m73yg4o_img01.jpg,0.039485,NO_DATAVIZ
D:\FR\IGD\IPCC internship\output\bbc\bbc_images\bbc_2025-06-24_cy0w90p7529o_img01.jpg,0.199660,NO_DATAVIZ
D:\FR\IGD\IPCC internship\output\bbc\bbc_images\bbc_2025-06-24_cy0w90p7529o_img02.jpg,0.022200,NO_DATAVIZ
D:\FR\IGD\IPCC internship\output\bbc\bbc_images\bbc_2025-06-24_cy0w90p7529o_img03.jpg,0.035864,NO_DATAVIZ
D:\FR\IGD\IPCC internship\output\bbc\bbc_images\bbc_2025-06-25_cvg6ed2g5e7o_img01.jpg,0.074429,NO_DATAVIZ
D:\FR\IGD\IPCC internship\output\bbc\bbc_images\bbc_2025-06-25_cvg6ed2g5e7o_img02.png,0.061828,NO_DATAVIZ
D:\FR\IGD\IPCC internship\output\bbc\bbc_images\bbc_2025-06-25_cvg6ed2g5e7o_img03.jpg,0.031377,NO_DATAVIZ
D:\FR\IGD\IPCC internship\output\bbc\bbc_images\bbc_2025-07-04_c628nnz3rp9o_img01.jpg,0.031722,NO_DATAVIZ
D:\FR\IGD\IPCC internship\output\bbc\bbc_images\bbc_2025-07-04_c628nnz3rp9o_img02.jpg,0.050629,NO_DATAVIZ
D:\FR\IGD\IPCC internship\output\bbc\bbc_images\bbc_2025-07-04_c628nnz3rp9o_img03.jpg,0.040592,NO_DATAVIZ
D:\FR\IGD\IPCC internship\output\bbc\bbc_images\bbc_2025-07-04_c628nnz3rp9o_img04.jpg,0.050081,NO_DATAVIZ
D:\FR\IGD\IPCC internship\output\bbc\bbc_images\bbc_2025-07-04_c628nnz3rp9o_img05.jpg,0.034077,NO_DATAVIZ
D:\FR\IGD\IPCC internship\output\bbc\bbc_images\bbc_2025-07-04_c628nnz3rp9o_img06.jpg,0.031482,NO_DATAVIZ
D:\FR\IGD\IPCC internship\output\bbc\bbc_images\bbc_2025-07-04_c628nnz3rp9o_img07.jpg,0.030871,NO_DATAVIZ
D:\FR\IGD\IPCC internship\output\bbc\bbc_images\bbc_2025-07-04_c628nnz3rp9o_img08.jpg,0.023799,NO_DATAVIZ
D:\FR\IGD\IPCC internship\output\bbc\bbc_images\bbc_2025-07-04_c628nnz3rp9o_img09.png,0.213191,NO_DATAVIZ
D:\FR\IGD\IPCC internship\output\bbc\bbc_images\bbc_2025-07-07_cz7lpg859pjo_img01.jpg,0.023566,NO_DATAVIZ
D:\FR\IGD\IPCC internship\output\bbc\bbc_images\bbc_2025-07-07_cz7lpg859pjo_img02.jpg,0.019658,NO_DATAVIZ
D:\FR\IGD\IPCC internship\output\bbc\bbc_images\bbc_2025-07-10_c3vde31lwpdo_img02.jpg,0.126608,NO_DATAVIZ
D:\FR\IGD\IPCC internship\output\bbc\bbc_images\bbc_2025-07-16_cr5vje4dzljo_img01.jpg,0.071718,NO_DATAVIZ
D:\FR\IGD\IPCC internship\output\bbc\bbc_images\bbc_2025-07-16_cr5vje4dzljo_img02.jpg,0.013414,NO_DATAVIZ
D:\FR\IGD\IPCC internship\output\bbc\bbc_images\bbc_2025-07-16_cyvj086m046o_img01.jpg,0.097675,NO_DATAVIZ
D:\FR\IGD\IPCC internship\output\bbc\bbc_images\bbc_2025-07-17_cly2xy66ee2o_img01.jpg,0.016652,NO_DATAVIZ
D:\FR\IGD\IPCC internship\output\bbc\bbc_images\bbc_2025-07-17_cly2xy66ee2o_img03.jpg,0.089537,NO_DATAVIZ
D:\FR\IGD\IPCC internship\output\bbc\bbc_images\bbc_2025-07-19_c77v01ky1z7o_img01.jpg,0.082513,NO_DATAVIZ
D:\FR\IGD\IPCC internship\output\bbc\bbc_images\bbc_2025-07-24_cp3lepven93o_img01.jpg,0.038364,NO_DATAVIZ
D:\FR\IGD\IPCC internship\output\bbc\bbc_images\bbc_2025-07-24_cp3lepven93o_img02.jpg,0.018265,NO_DATAVIZ
D:\FR\IGD\IPCC internship\output\bbc\bbc_images\bbc_2025-07-25_c0l4j8wkrw7o_img01.jpg,0.076438,NO_DATAVIZ
D:\FR\IGD\IPCC internship\output\bbc\bbc_images\bbc_2025-07-25_c0l4j8wkrw7o_img02.png,0.411296,NO_DATAVIZ
D:\FR\IGD\IPCC internship\output\bbc\bbc_images\bbc_2025-07-25_c0l4j8wkrw7o_img03.jpg,0.149522,NO_DATAVIZ
D:\FR\IGD\IPCC internship\output\bbc\bbc_images\bbc_2025-07-25_c0l4j8wkrw7o_img04.jpg,0.089361,NO_DATAVIZ
D:\FR\IGD\IPCC internship\output\bbc\bbc_images\bbc_2025-07-25_c0l4j8wkrw7o_img05.jpg,0.031547,NO_DATAVIZ
D:\FR\IGD\IPCC internship\output\bbc\bbc_images\bbc_2025-07-27_c80p817nk40o_img01.jpg,0.164308,NO_DATAVIZ
D:\FR\IGD\IPCC internship\output\bbc\bbc_images\bbc_2025-07-27_cgerdvy5zv9o_img01.jpg,0.017332,NO_DATAVIZ
D:\FR\IGD\IPCC internship\output\bbc\bbc_images\bbc_2025-07-27_cgerdvy5zv9o_img02.jpg,0.034186,NO_DATAVIZ
D:\FR\IGD\IPCC internship\output\bbc\bbc_images\bbc_2025-07-29_c0mlzz1gy39o_img01.jpg,0.104091,NO_DATAVIZ
D:\FR\IGD\IPCC internship\output\bbc\bbc_images\bbc_2025-07-29_c8739gvn7gzo_img01.jpg,0.043853,NO_DATAVIZ
D:\FR\IGD\IPCC internship\output\bbc\bbc_images\bbc_2025-07-29_cwygq8543ywo_img01.jpg,0.079010,NO_DATAVIZ
D:\FR\IGD\IPCC internship\output\bbc\bbc_images\bbc_2025-07-29_cwygq8543ywo_img02.jpg,0.070476,NO_DATAVIZ
D:\FR\IGD\IPCC internship\output\bbc\bbc_images\bbc_2025-07-29_cwygq8543ywo_img03.jpg,0.004556,NO_DATAVIZ
D:\FR\IGD\IPCC internship\output\bbc\bbc_images\bbc_2025-07-30_c5ylgrxynxdo_img01.jpg,0.014355,NO_DATAVIZ
D:\FR\IGD\IPCC internship\output\bbc\bbc_images\bbc_2025-07-30_c5ylgrxynxdo_img02.jpg,0.067933,NO_DATAVIZ
D:\FR\IGD\IPCC internship\output\bbc\bbc_images\bbc_2025-07-30_c5ylgrxynxdo_img03.jpg,0.023750,NO_DATAVIZ
D:\FR\IGD\IPCC internship\output\bbc\bbc_images\bbc_2025-07-31_cj9wnpvgpypo_img01.jpg,0.059393,NO_DATAVIZ
D:\FR\IGD\IPCC internship\output\bbc\bbc_images\bbc_2025-08-05_c3wnx84nx51o_img01.jpg,0.068267,NO_DATAVIZ
D:\FR\IGD\IPCC internship\output\bbc\bbc_images\bbc_2025-08-05_c3wnx84nx51o_img02.jpg,0.035788,NO_DATAVIZ
D:\FR\IGD\IPCC internship\output\bbc\bbc_images\bbc_2025-08-06_cg4x1zq0217o_img01.jpg,0.046609,NO_DATAVIZ
D:\FR\IGD\IPCC internship\output\bbc\bbc_images\bbc_2025-08-06_cg4x1zq0217o_img02.jpg,0.024210,NO_DATAVIZ
D:\FR\IGD\IPCC internship\output\bbc\bbc_images\bbc_2025-08-07_cly634lz0y3o_img01.jpg,0.065873,NO_DATAVIZ
D:\FR\IGD\IPCC internship\output\bbc\bbc_images\bbc_2025-08-07_cly634lz0y3o_img02.jpg,0.007548,NO_DATAVIZ
D:\FR\IGD\IPCC internship\output\bbc\bbc_images\bbc_2025-08-07_cly634lz0y3o_img03.jpg,0.017538,NO_DATAVIZ
D:\FR\IGD\IPCC internship\output\bbc\bbc_images\bbc_2025-08-07_cly634lz0y3o_img04.jpg,0.016579,NO_DATAVIZ
D:\FR\IGD\IPCC internship\output\bbc\bbc_images\bbc_2025-08-07_cvgnp74rykgo_img01.jpg,0.061731,NO_DATAVIZ
D:\FR\IGD\IPCC internship\output\bbc\bbc_images\bbc_2025-08-08_c8ryey51l1eo_img01.jpg,0.193175,NO_DATAVIZ
D:\FR\IGD\IPCC internship\output\bbc\bbc_images\bbc_2025-08-13_c3ez7445gnqo_img01.jpg,0.068808,NO_DATAVIZ
D:\FR\IGD\IPCC internship\output\bbc\bbc_images\bbc_2025-08-13_c3ez7445gnqo_img02.jpg,0.017973,NO_DATAVIZ
D:\FR\IGD\IPCC internship\output\bbc\bbc_images\bbc_2025-08-14_cj4w157kkwdo_img01.png,0.051229,NO_DATAVIZ
D:\FR\IGD\IPCC internship\output\bbc\bbc_images\bbc_2025-08-16_cly31418eq7o_img01.jpg,0.008589,NO_DATAVIZ
D:\FR\IGD\IPCC internship\output\bbc\bbc_images\bbc_2025-08-16_cly31418eq7o_img02.jpg,0.003331,NO_DATAVIZ
D:\FR\IGD\IPCC internship\output\bbc\bbc_images\bbc_2025-08-16_cly31418eq7o_img03.jpg,0.016728,NO_DATAVIZ
D:\FR\IGD\IPCC internship\output\bbc\bbc_images\bbc_2025-08-20_cjr100n2eevo_img01.jpg,0.136933,NO_DATAVIZ
D:\FR\IGD\IPCC internship\output\bbc\bbc_images\bbc_2025-08-20_cjr100n2eevo_img02.jpg,0.012450,NO_DATAVIZ
D:\FR\IGD\IPCC internship\output\bbc\bbc_images\bbc_2025-08-20_cjr100n2eevo_img03.jpg,0.012344,NO_DATAVIZ
D:\FR\IGD\IPCC internship\output\bbc\bbc_images\bbc_2025-08-20_cjr100n2eevo_img04.jpg,0.025980,NO_DATAVIZ
D:\FR\IGD\IPCC internship\output\bbc\bbc_images\bbc_2025-08-24_czxp41y3n7lo_img01.jpg,0.107742,NO_DATAVIZ
D:\FR\IGD\IPCC internship\output\bbc\bbc_images\bbc_2025-08-24_czxp41y3n7lo_img02.jpg,0.010871,NO_DATAVIZ
D:\FR\IGD\IPCC internship\output\bbc\bbc_images\bbc_2025-08-24_czxp41y3n7lo_img03.jpg,0.057170,NO_DATAVIZ
D:\FR\IGD\IPCC internship\output\bbc\bbc_images\bbc_2025-08-24_czxp41y3n7lo_img04.jpg,0.105026,NO_DATAVIZ
D:\FR\IGD\IPCC internship\output\bbc\bbc_images\bbc_2025-08-25_cr4e771v7nlo_img01.jpg,0.116329,NO_DATAVIZ
D:\FR\IGD\IPCC internship\output\bbc\bbc_images\bbc_2025-08-29_cwyezwp9ejyo_img01.jpg,0.016637,NO_DATAVIZ
D:\FR\IGD\IPCC internship\output\bbc\bbc_images\bbc_2025-08-29_cwyezwp9ejyo_img02.jpg,0.020669,NO_DATAVIZ
D:\FR\IGD\IPCC internship\output\bbc\bbc_images\bbc_2025-08-29_cwyezwp9ejyo_img03.jpg,0.206167,NO_DATAVIZ
D:\FR\IGD\IPCC internship\output\bbc\bbc_images\bbc_2025-08-29_cwyezwp9ejyo_img04.jpg,0.035937,NO_DATAVIZ
D:\FR\IGD\IPCC internship\output\bbc\bbc_images\bbc_2025-08-31_c5yl5v4elgno_img01.png,0.065591,NO_DATAVIZ
D:\FR\IGD\IPCC internship\output\bbc\bbc_images\bbc_2025-08-31_c5yl5v4elgno_img02.jpg,0.662348,DATAVIZ
D:\FR\IGD\IPCC internship\output\bbc\bbc_images\bbc_2025-08-31_c5yl5v4elgno_img03.png,0.868688,DATAVIZ
D:\FR\IGD\IPCC internship\output\bbc\bbc_images\bbc_2025-08-31_cp890n51684o_img01.jpg,0.010141,NO_DATAVIZ
D:\FR\IGD\IPCC internship\output\bbc\bbc_images\bbc_2025-09-01_cy08rdye476o_img01.jpg,0.050584,NO_DATAVIZ
D:\FR\IGD\IPCC internship\output\bbc\bbc_images\bbc_2025-09-01_cy08rdye476o_img02.jpg,0.044224,NO_DATAVIZ
D:\FR\IGD\IPCC internship\output\bbc\bbc_images\bbc_2025-09-01_cy08rdye476o_img03.jpg,0.084219,NO_DATAVIZ
D:\FR\IGD\IPCC internship\output\bbc\bbc_images\bbc_2025-09-02_c1ejej4n2l4o_img01.jpg,0.021363,NO_DATAVIZ
D:\FR\IGD\IPCC internship\output\bbc\bbc_images\bbc_2025-09-02_c1ejej4n2l4o_img02.jpg,0.109581,NO_DATAVIZ
D:\FR\IGD\IPCC internship\output\bbc\bbc_images\bbc_2025-09-02_c1ejej4n2l4o_img03.jpg,0.055307,NO_DATAVIZ
D:\FR\IGD\IPCC internship\output\bbc\bbc_images\bbc_2025-09-02_c1ejej4n2l4o_img04.jpg,0.048532,NO_DATAVIZ
D:\FR\IGD\IPCC internship\output\bbc\bbc_images\bbc_2025-09-02_c1ejej4n2l4o_img05.jpg,0.007934,NO_DATAVIZ
D:\FR\IGD\IPCC internship\output\bbc\bbc_images\bbc_2025-09-02_c1ejej4n2l4o_img06.jpg,0.044422,NO_DATAVIZ
D:\FR\IGD\IPCC internship\output\bbc\bbc_images\bbc_2025-09-02_c4gznnl41mxo_img01.jpg,0.053195,NO_DATAVIZ
D:\FR\IGD\IPCC internship\output\bbc\bbc_images\bbc_2025-09-04_cq65rqd38l7o_img01.jpg,0.017466,NO_DATAVIZ
D:\FR\IGD\IPCC internship\output\bbc\bbc_images\bbc_2025-09-04_cq65rqd38l7o_img02.jpg,0.101069,NO_DATAVIZ
D:\FR\IGD\IPCC internship\output\bbc\bbc_images\bbc_2025-09-09_cvgr9p7rl54o_img01.jpg,0.037245,NO_DATAVIZ
D:\FR\IGD\IPCC internship\output\bbc\bbc_images\bbc_2025-09-12_cz9jne1257jo_img01.jpg,0.015910,NO_DATAVIZ
D:\FR\IGD\IPCC internship\output\bbc\bbc_images\bbc_2025-09-15_c930454e77xo_img01.jpg,0.032588,NO_DATAVIZ
D:\FR\IGD\IPCC internship\output\bbc\bbc_images\bbc_2025-09-15_ckgyz397kd1o_img01.png,0.025063,NO_DATAVIZ
D:\FR\IGD\IPCC internship\output\bbc\bbc_images\bbc_2025-09-15_ckgyz397kd1o_img02.jpg,0.020823,NO_DATAVIZ
D:\FR\IGD\IPCC internship\output\bbc\bbc_images\bbc_2025-09-15_ckgyz397kd1o_img03.jpg,0.010613,NO_DATAVIZ
D:\FR\IGD\IPCC internship\output\bbc\bbc_images\bbc_2025-09-15_ckgyz397kd1o_img04.jpg,0.010523,NO_DATAVIZ
D:\FR\IGD\IPCC internship\output\bbc\bbc_images\bbc_2025-09-17_crmekw0p7zyo_img01.jpg,0.014160,NO_DATAVIZ
D:\FR\IGD\IPCC internship\output\bbc\bbc_images\bbc_2025-09-17_crmekw0p7zyo_img02.jpg,0.020067,NO_DATAVIZ
D:\FR\IGD\IPCC internship\output\bbc\bbc_images\bbc_2025-09-18_c0jq4l8dpxlo_img01.jpg,0.054747,NO_DATAVIZ
D:\FR\IGD\IPCC internship\output\bbc\bbc_images\bbc_2025-09-18_c0jq4l8dpxlo_img02.jpg,0.067736,NO_DATAVIZ
D:\FR\IGD\IPCC internship\output\bbc\bbc_images\bbc_2025-09-18_c0jq4l8dpxlo_img03.jpg,0.071724,NO_DATAVIZ
D:\FR\IGD\IPCC internship\output\bbc\bbc_images\bbc_2025-09-18_c0jq4l8dpxlo_img04.jpg,0.011721,NO_DATAVIZ
D:\FR\IGD\IPCC internship\output\bbc\bbc_images\bbc_2025-09-19_ckg38j10725o_img01.jpg,0.050531,NO_DATAVIZ
D:\FR\IGD\IPCC internship\output\bbc\bbc_images\bbc_2025-09-19_ckg38j10725o_img02.jpg,0.186408,NO_DATAVIZ
D:\FR\IGD\IPCC internship\output\bbc\bbc_images\bbc_2025-09-19_ckg38j10725o_img03.jpg,0.032236,NO_DATAVIZ
D:\FR\IGD\IPCC internship\output\bbc\bbc_images\bbc_2025-09-20_c4g7ke5j48xo_img01.jpg,0.036435,NO_DATAVIZ
D:\FR\IGD\IPCC internship\output\bbc\bbc_images\bbc_2025-09-22_cx2jpn881w0o_img01.jpg,0.050867,NO_DATAVIZ
D:\FR\IGD\IPCC internship\output\bbc\bbc_images\bbc_2025-09-24_c5y5dn85nzvo_img01.jpg,0.066688,NO_DATAVIZ
D:\FR\IGD\IPCC internship\output\bbc\bbc_images\bbc_2025-09-24_c62l0114yn4o_img01.jpg,0.073824,NO_DATAVIZ
D:\FR\IGD\IPCC internship\output\bbc\bbc_images\bbc_2025-09-24_c8645jxyee2o_img01.jpg,0.052030,NO_DATAVIZ
D:\FR\IGD\IPCC internship\output\bbc\bbc_images\bbc_2025-09-24_cj4y159190go_img01.jpg,0.122335,NO_DATAVIZ
D:\FR\IGD\IPCC internship\output\bbc\bbc_images\bbc_2025-09-26_clyldw4dpe9o_img01.jpg,0.081020,NO_DATAVIZ
D:\FR\IGD\IPCC internship\output\bbc\bbc_images\bbc_2025-09-26_clyldw4dpe9o_img02.jpg,0.139273,NO_DATAVIZ
D:\FR\IGD\IPCC internship\output\bbc\bbc_images\bbc_2025-09-27_c78nj53vy28o_img01.png,0.034486,NO_DATAVIZ
D:\FR\IGD\IPCC internship\output\bbc\bbc_images\bbc_2025-10-02_ckg6exkpdryo_img01.jpg,0.123714,NO_DATAVIZ
D:\FR\IGD\IPCC internship\output\bbc\bbc_images\bbc_2025-10-03_czew95e2369o_img01.jpg,0.100738,NO_DATAVIZ
D:\FR\IGD\IPCC internship\output\bbc\bbc_images\bbc_2025-10-03_czew95e2369o_img02.jpg,0.033227,NO_DATAVIZ
D:\FR\IGD\IPCC internship\output\bbc\bbc_images\bbc_2025-10-05_ce32ezzq6zlo_img01.jpg,0.180326,NO_DATAVIZ
D:\FR\IGD\IPCC internship\output\bbc\bbc_images\bbc_2025-10-05_ce32ezzq6zlo_img02.jpg,0.588540,DATAVIZ
D:\FR\IGD\IPCC internship\output\bbc\bbc_images\bbc_2025-10-05_ce32ezzq6zlo_img03.jpg,0.171874,NO_DATAVIZ
D:\FR\IGD\IPCC internship\output\bbc\bbc_images\bbc_2025-10-05_ce32ezzq6zlo_img04.jpg,0.288419,NO_DATAVIZ
D:\FR\IGD\IPCC internship\output\bbc\bbc_images\bbc_2025-10-05_ce32ezzq6zlo_img05.jpg,0.138780,NO_DATAVIZ
D:\FR\IGD\IPCC internship\output\bbc\bbc_images\bbc_2025-10-05_cqlz1k40rxpo_img01.jpg,0.012028,NO_DATAVIZ
D:\FR\IGD\IPCC internship\output\bbc\bbc_images\bbc_2025-10-05_cqlz1k40rxpo_img02.jpg,0.011454,NO_DATAVIZ
D:\FR\IGD\IPCC internship\output\bbc\bbc_images\bbc_2025-10-07_c7v1443jlnjo_img01.png,0.047841,NO_DATAVIZ
D:\FR\IGD\IPCC internship\output\bbc\bbc_images\bbc_2025-10-07_ckgy521kmkyo_img01.jpg,0.058580,NO_DATAVIZ
D:\FR\IGD\IPCC internship\output\bbc\bbc_images\bbc_2025-10-07_ckgy521kmkyo_img02.jpg,0.065684,NO_DATAVIZ
D:\FR\IGD\IPCC internship\output\bbc\bbc_images\bbc_2025-10-08_c4gv18ve9zjo_img01.png,0.100415,NO_DATAVIZ
D:\FR\IGD\IPCC internship\output\bbc\bbc_images\bbc_2025-10-10_ckgy82nyzggo_img01.jpg,0.027123,NO_DATAVIZ
D:\FR\IGD\IPCC internship\output\bbc\bbc_images\bbc_2025-10-10_ckgy82nyzggo_img02.jpg,0.016481,NO_DATAVIZ
D:\FR\IGD\IPCC internship\output\bbc\bbc_images\bbc_2025-10-10_ckgy82nyzggo_img03.jpg,0.006170,NO_DATAVIZ
D:\FR\IGD\IPCC internship\output\bbc\bbc_images\bbc_2025-10-10_ckgy82nyzggo_img04.png,0.053005,NO_DATAVIZ
D:\FR\IGD\IPCC internship\output\bbc\bbc_images\bbc_2025-10-11_c62ljyxpp0zo_img01.jpg,0.130977,NO_DATAVIZ
D:\FR\IGD\IPCC internship\output\bbc\bbc_images\bbc_2025-10-14_c5yldgxlw7do_img01.jpg,0.016405,NO_DATAVIZ
D:\FR\IGD\IPCC internship\output\bbc\bbc_images\bbc_2025-10-14_c5yldgxlw7do_img02.jpg,0.033458,NO_DATAVIZ
D:\FR\IGD\IPCC internship\output\bbc\bbc_images\bbc_2025-10-14_c5yldgxlw7do_img03.jpg,0.046991,NO_DATAVIZ
D:\FR\IGD\IPCC internship\output\bbc\bbc_images\bbc_2025-10-15_cx24kllyye1o_img01.jpg,0.159633,NO_DATAVIZ
D:\FR\IGD\IPCC internship\output\bbc\bbc_images\bbc_2025-10-16_cjd05mdz9pdo_img01.jpg,0.041984,NO_DATAVIZ
D:\FR\IGD\IPCC internship\output\bbc\bbc_images\bbc_2025-10-17_c3dnel5j2l9o_img01.jpg,0.037380,NO_DATAVIZ
D:\FR\IGD\IPCC internship\output\bbc\bbc_images\bbc_2025-10-18_cly47dxj4e8o_img01.jpg,0.061435,NO_DATAVIZ
D:\FR\IGD\IPCC internship\output\bbc\bbc_images\bbc_2025-10-18_cly47dxj4e8o_img02.jpg,0.012397,NO_DATAVIZ
D:\FR\IGD\IPCC internship\output\bbc\bbc_images\bbc_2025-10-19_c5yl5e8pg8no_img01.png,0.154290,NO_DATAVIZ
D:\FR\IGD\IPCC internship\output\bbc\bbc_images\bbc_2025-10-19_ce8g9kw4yzeo_img01.png,0.046798,NO_DATAVIZ
D:\FR\IGD\IPCC internship\output\bbc\bbc_images\bbc_2025-10-21_cg7nz78y9jko_img01.jpg,0.074895,NO_DATAVIZ
D:\FR\IGD\IPCC internship\output\bbc\bbc_images\bbc_2025-10-21_crred9ljqz7o_img01.jpg,0.039818,NO_DATAVIZ
D:\FR\IGD\IPCC internship\output\bbc\bbc_images\bbc_2025-10-21_crred9ljqz7o_img02.jpg,0.121919,NO_DATAVIZ
D:\FR\IGD\IPCC internship\output\bbc\bbc_images\bbc_2025-10-23_c62exx578lzo_img01.jpg,0.133020,NO_DATAVIZ
D:\FR\IGD\IPCC internship\output\bbc\bbc_images\bbc_2025-10-23_cvg924nrgd3o_img01.jpg,0.015455,NO_DATAVIZ
D:\FR\IGD\IPCC internship\output\bbc\bbc_images\bbc_2025-10-23_cvg924nrgd3o_img02.jpg,0.018991,NO_DATAVIZ
D:\FR\IGD\IPCC internship\output\bbc\bbc_images\bbc_2025-10-23_cvg924nrgd3o_img03.jpg,0.020214,NO_DATAVIZ
D:\FR\IGD\IPCC internship\output\bbc\bbc_images\bbc_2025-10-23_cvg924nrgd3o_img04.jpg,0.014978,NO_DATAVIZ
D:\FR\IGD\IPCC internship\output\bbc\bbc_images\bbc_2025-10-23_cvg924nrgd3o_img05.jpg,0.028085,NO_DATAVIZ
D:\FR\IGD\IPCC internship\output\bbc\bbc_images\bbc_2025-10-23_cvg924nrgd3o_img06.jpg,0.032496,NO_DATAVIZ
D:\FR\IGD\IPCC internship\output\bbc\bbc_images\bbc_2025-10-23_cvg924nrgd3o_img07.jpg,0.053495,NO_DATAVIZ
D:\FR\IGD\IPCC internship\output\bbc\bbc_images\bbc_2025-10-23_cvg924nrgd3o_img08.jpg,0.027977,NO_DATAVIZ
D:\FR\IGD\IPCC internship\output\bbc\bbc_images\bbc_2025-10-23_cvg924nrgd3o_img09.jpg,0.024489,NO_DATAVIZ
D:\FR\IGD\IPCC internship\output\bbc\bbc_images\bbc_2025-10-27_c0kpxn8kd07o_img01.jpg,0.114653,NO_DATAVIZ
D:\FR\IGD\IPCC internship\output\bbc\bbc_images\bbc_2025-10-28_cvg78y64vmzo_img01.jpg,0.105379,NO_DATAVIZ
D:\FR\IGD\IPCC internship\output\bbc\bbc_images\bbc_2025-10-28_cvg78y64vmzo_img02.png,0.026963,NO_DATAVIZ
D:\FR\IGD\IPCC internship\output\bbc\bbc_images\bbc_2025-10-28_czdrv8m5v4lo_img01.jpg,0.051635,NO_DATAVIZ
D:\FR\IGD\IPCC internship\output\bbc\bbc_images\bbc_2025-10-28_czdrv8m5v4lo_img02.jpg,0.068467,NO_DATAVIZ
D:\FR\IGD\IPCC internship\output\bbc\bbc_images\bbc_2025-10-29_c5ylpgw7r71o_img01.jpg,0.015914,NO_DATAVIZ
D:\FR\IGD\IPCC internship\output\bbc\bbc_images\bbc_2025-10-29_c5ylpgw7r71o_img02.jpg,0.019702,NO_DATAVIZ
D:\FR\IGD\IPCC internship\output\bbc\bbc_images\bbc_2025-10-29_c5ylpgw7r71o_img03.jpg,0.011321,NO_DATAVIZ
D:\FR\IGD\IPCC internship\output\bbc\bbc_images\bbc_2025-10-30_c04gqez4lkyo_img01.jpg,0.177435,NO_DATAVIZ
D:\FR\IGD\IPCC internship\output\bbc\bbc_images\bbc_2025-10-30_c04gqez4lkyo_img02.jpg,0.131497,NO_DATAVIZ
D:\FR\IGD\IPCC internship\output\bbc\bbc_images\bbc_2025-10-30_c04gqez4lkyo_img03.jpg,0.042357,NO_DATAVIZ
D:\FR\IGD\IPCC internship\output\bbc\bbc_images\bbc_2025-10-30_c04gqez4lkyo_img04.png,0.664513,DATAVIZ
D:\FR\IGD\IPCC internship\output\bbc\bbc_images\bbc_2025-10-30_c04gqez4lkyo_img05.jpg,0.024980,NO_DATAVIZ
D:\FR\IGD\IPCC internship\output\bbc\bbc_images\bbc_2025-10-30_c04gqez4lkyo_img06.jpg,0.045437,NO_DATAVIZ
D:\FR\IGD\IPCC internship\output\bbc\bbc_images\bbc_2025-10-30_c04gqez4lkyo_img07.png,0.049846,NO_DATAVIZ
D:\FR\IGD\IPCC internship\output\bbc\bbc_images\bbc_2025-10-30_c5yp8r4ryvmo_img01.jpg,0.028490,NO_DATAVIZ
D:\FR\IGD\IPCC internship\output\bbc\bbc_images\bbc_2025-10-30_c5yp8r4ryvmo_img02.jpg,0.086586,NO_DATAVIZ
D:\FR\IGD\IPCC internship\output\bbc\bbc_images\bbc_2025-11-02_cgmx2e3nnw0o_img01.jpg,0.076482,NO_DATAVIZ
D:\FR\IGD\IPCC internship\output\bbc\bbc_images\bbc_2025-11-02_cgmx2e3nnw0o_img02.jpg,0.083855,NO_DATAVIZ
D:\FR\IGD\IPCC internship\output\bbc\bbc_images\bbc_2025-11-02_cgmx2e3nnw0o_img03.jpg,0.034923,NO_DATAVIZ
D:\FR\IGD\IPCC internship\output\bbc\bbc_images\bbc_2025-11-02_cgmx2e3nnw0o_img04.jpg,0.080206,NO_DATAVIZ
D:\FR\IGD\IPCC internship\output\bbc\bbc_images\bbc_2025-11-02_cgmx2e3nnw0o_img05.jpg,0.074724,NO_DATAVIZ
D:\FR\IGD\IPCC internship\output\bbc\bbc_images\bbc_2025-11-02_cgmx2e3nnw0o_img06.jpg,0.007075,NO_DATAVIZ
D:\FR\IGD\IPCC internship\output\bbc\bbc_images\bbc_2025-11-03_c75q0dr2w09o_img01.jpg,0.029303,NO_DATAVIZ
D:\FR\IGD\IPCC internship\output\bbc\bbc_images\bbc_2025-11-03_c75q0dr2w09o_img02.jpg,0.109892,NO_DATAVIZ
D:\FR\IGD\IPCC internship\output\bbc\bbc_images\bbc_2025-11-03_c75q0dr2w09o_img03.jpg,0.128358,NO_DATAVIZ
D:\FR\IGD\IPCC internship\output\bbc\bbc_images\bbc_2025-11-03_c75q0dr2w09o_img04.jpg,0.037306,NO_DATAVIZ
D:\FR\IGD\IPCC internship\output\bbc\bbc_images\bbc_2025-11-03_c75q0dr2w09o_img05.jpg,0.288745,NO_DATAVIZ
D:\FR\IGD\IPCC internship\output\bbc\bbc_images\bbc_2025-11-04_cx2pg0g4yl9o_img01.jpg,0.019855,NO_DATAVIZ
D:\FR\IGD\IPCC internship\output\bbc\bbc_images\bbc_2025-11-05_cy0y5krrpnwo_img01.jpg,0.197352,NO_DATAVIZ
D:\FR\IGD\IPCC internship\output\bbc\bbc_images\bbc_2025-11-06_c2dr1lg4nd3o_img01.jpg,0.013169,NO_DATAVIZ
D:\FR\IGD\IPCC internship\output\bbc\bbc_images\bbc_2025-11-06_c2dr1lg4nd3o_img02.jpg,0.030473,NO_DATAVIZ
D:\FR\IGD\IPCC internship\output\bbc\bbc_images\bbc_2025-11-06_c30v97m59dyo_img01.jpg,0.086037,NO_DATAVIZ
D:\FR\IGD\IPCC internship\output\bbc\bbc_images\bbc_2025-11-06_c30v97m59dyo_img02.jpg,0.006344,NO_DATAVIZ
D:\FR\IGD\IPCC internship\output\bbc\bbc_images\bbc_2025-11-06_c30v97m59dyo_img03.png,0.817153,DATAVIZ
D:\FR\IGD\IPCC internship\output\bbc\bbc_images\bbc_2025-11-06_c30v97m59dyo_img04.jpg,0.050232,NO_DATAVIZ
D:\FR\IGD\IPCC internship\output\bbc\bbc_images\bbc_2025-11-06_c30v97m59dyo_img05.png,0.080810,NO_DATAVIZ
D:\FR\IGD\IPCC internship\output\bbc\bbc_images\bbc_2025-11-06_c867v8l583po_img01.jpg,0.014573,NO_DATAVIZ
D:\FR\IGD\IPCC internship\output\bbc\bbc_images\bbc_2025-11-06_cn4j8dgnj1wo_img01.jpg,0.010750,NO_DATAVIZ
D:\FR\IGD\IPCC internship\output\bbc\bbc_images\bbc_2025-11-06_cn4j8dgnj1wo_img02.jpg,0.064562,NO_DATAVIZ
D:\FR\IGD\IPCC internship\output\bbc\bbc_images\bbc_2025-11-06_cn4j8dgnj1wo_img03.jpg,0.022695,NO_DATAVIZ
D:\FR\IGD\IPCC internship\output\bbc\bbc_images\bbc_2025-11-06_cwy1wjj0rxdt_img01.webp,0.043792,NO_DATAVIZ
D:\FR\IGD\IPCC internship\output\bbc\bbc_images\bbc_2025-11-06_cwy1wjj0rxdt_img02.webp,0.907989,DATAVIZ
D:\FR\IGD\IPCC internship\output\bbc\bbc_images\bbc_2025-11-06_cwy1wjj0rxdt_img03.webp,0.790216,DATAVIZ
D:\FR\IGD\IPCC internship\output\bbc\bbc_images\bbc_2025-11-06_cwy1wjj0rxdt_img04.webp,0.024993,NO_DATAVIZ
D:\FR\IGD\IPCC internship\output\bbc\bbc_images\bbc_2025-11-06_cwy1wjj0rxdt_img05.webp,0.036081,NO_DATAVIZ
D:\FR\IGD\IPCC internship\output\bbc\bbc_images\bbc_2025-11-06_cwy1wjj0rxdt_img06.webp,0.026508,NO_DATAVIZ
D:\FR\IGD\IPCC internship\output\bbc\bbc_images\bbc_2025-11-06_cwy1wjj0rxdt_img07.webp,0.015481,NO_DATAVIZ
D:\FR\IGD\IPCC internship\output\bbc\bbc_images\bbc_2025-11-06_cwy1wjj0rxdt_img08.webp,0.056733,NO_DATAVIZ
D:\FR\IGD\IPCC internship\output\bbc\bbc_images\bbc_2025-11-06_cwy1wjj0rxdt_img09.webp,0.650336,DATAVIZ
D:\FR\IGD\IPCC internship\output\bbc\bbc_images\bbc_2025-11-06_cwy1wjj0rxdt_img10.webp,0.674643,DATAVIZ
D:\FR\IGD\IPCC internship\output\bbc\bbc_images\bbc_2025-11-06_cwy1wjj0rxdt_img11.webp,0.023770,NO_DATAVIZ
D:\FR\IGD\IPCC internship\output\bbc\bbc_images\bbc_2025-11-06_cwy1wjj0rxdt_img12.webp,0.018855,NO_DATAVIZ
D:\FR\IGD\IPCC internship\output\bbc\bbc_images\bbc_2025-11-06_cwy1wjj0rxdt_img13.webp,0.013915,NO_DATAVIZ
D:\FR\IGD\IPCC internship\output\bbc\bbc_images\bbc_2025-11-06_cwy1wjj0rxdt_img14.webp,0.011008,NO_DATAVIZ
D:\FR\IGD\IPCC internship\output\bbc\bbc_images\bbc_2025-11-06_cwy1wjj0rxdt_img15.webp,0.023391,NO_DATAVIZ
D:\FR\IGD\IPCC internship\output\bbc\bbc_images\bbc_2025-11-06_cwy1wjj0rxdt_img16.webp,0.010914,NO_DATAVIZ
D:\FR\IGD\IPCC internship\output\bbc\bbc_images\bbc_2025-11-06_cwy1wjj0rxdt_img17.webp,0.024340,NO_DATAVIZ
D:\FR\IGD\IPCC internship\output\bbc\bbc_images\bbc_2025-11-06_cx274lj661lo_img01.jpg,0.018251,NO_DATAVIZ
D:\FR\IGD\IPCC internship\output\bbc\bbc_images\bbc_2025-11-06_cx274lj661lo_img02.png,0.101160,NO_DATAVIZ
D:\FR\IGD\IPCC internship\output\bbc\bbc_images\bbc_2025-11-07_c8x17e0ld9xo_img01.jpg,0.037328,NO_DATAVIZ
D:\FR\IGD\IPCC internship\output\bbc\bbc_images\bbc_2025-11-07_c8x17e0ld9xo_img02.jpg,0.013477,NO_DATAVIZ
D:\FR\IGD\IPCC internship\output\bbc\bbc_images\bbc_2025-11-07_cwypg43yglvo_img01.png,0.062288,NO_DATAVIZ
D:\FR\IGD\IPCC internship\output\bbc\bbc_images\bbc_2025-11-09_cq509y38348o_img01.jpg,0.108117,NO_DATAVIZ
D:\FR\IGD\IPCC internship\output\bbc\bbc_images\bbc_2025-11-09_cq509y38348o_img02.jpg,0.011163,NO_DATAVIZ
D:\FR\IGD\IPCC internship\output\bbc\bbc_images\bbc_2025-11-09_cq509y38348o_img03.jpg,0.072683,NO_DATAVIZ
D:\FR\IGD\IPCC internship\output\bbc\bbc_images\bbc_2025-11-09_cq509y38348o_img04.jpg,0.097227,NO_DATAVIZ
D:\FR\IGD\IPCC internship\output\bbc\bbc_images\bbc_2025-11-10_c205jvyg3wjo_img01.jpg,0.217967,NO_DATAVIZ
D:\FR\IGD\IPCC internship\output\bbc\bbc_images\bbc_2025-11-10_c205jvyg3wjo_img02.jpg,0.205254,NO_DATAVIZ
D:\FR\IGD\IPCC internship\output\bbc\bbc_images\bbc_2025-11-10_c205jvyg3wjo_img03.png,0.102759,NO_DATAVIZ
D:\FR\IGD\IPCC internship\output\bbc\bbc_images\bbc_2025-11-10_c205jvyg3wjo_img04.png,0.080778,NO_DATAVIZ
D:\FR\IGD\IPCC internship\output\bbc\bbc_images\bbc_2025-11-10_c205jvyg3wjo_img05.jpg,0.047954,NO_DATAVIZ
D:\FR\IGD\IPCC internship\output\bbc\bbc_images\bbc_2025-11-10_c205jvyg3wjo_img06.jpg,0.144686,NO_DATAVIZ
D:\FR\IGD\IPCC internship\output\bbc\bbc_images\bbc_2025-11-10_c205jvyg3wjo_img07.jpg,0.130045,NO_DATAVIZ
D:\FR\IGD\IPCC internship\output\bbc\bbc_images\bbc_2025-11-10_c205jvyg3wjo_img08.jpg,0.076013,NO_DATAVIZ
D:\FR\IGD\IPCC internship\output\bbc\bbc_images\bbc_2025-11-10_c205jvyg3wjo_img10.jpg,0.181202,NO_DATAVIZ
D:\FR\IGD\IPCC internship\output\bbc\bbc_images\bbc_2025-11-10_c205jvyg3wjo_img11.jpg,0.072440,NO_DATAVIZ
D:\FR\IGD\IPCC internship\output\bbc\bbc_images\bbc_2025-11-10_ckg1xjz419lo_img01.jpg,0.007681,NO_DATAVIZ
D:\FR\IGD\IPCC internship\output\bbc\bbc_images\bbc_2025-11-10_ckg1xjz419lo_img02.jpg,0.005758,NO_DATAVIZ
D:\FR\IGD\IPCC internship\output\bbc\bbc_images\bbc_2025-11-10_cn5165dpzwlo_img01.jpg,0.031620,NO_DATAVIZ
D:\FR\IGD\IPCC internship\output\bbc\bbc_images\bbc_2025-11-10_cn5165dpzwlo_img02.jpg,0.032147,NO_DATAVIZ
D:\FR\IGD\IPCC internship\output\bbc\bbc_images\bbc_2025-11-10_cn5165dpzwlo_img03.jpg,0.018160,NO_DATAVIZ
D:\FR\IGD\IPCC internship\output\bbc\bbc_images\bbc_2025-11-10_cn51pn74l23o_img01.jpg,0.013334,NO_DATAVIZ
D:\FR\IGD\IPCC internship\output\bbc\bbc_images\bbc_2025-11-10_cn51pn74l23o_img02.jpg,0.021210,NO_DATAVIZ
D:\FR\IGD\IPCC internship\output\bbc\bbc_images\bbc_2025-11-10_cn51pn74l23o_img03.jpg,0.084970,NO_DATAVIZ
D:\FR\IGD\IPCC internship\output\bbc\bbc_images\bbc_2025-11-11_c0l7yjgn050o_img01.jpg,0.027265,NO_DATAVIZ
D:\FR\IGD\IPCC internship\output\bbc\bbc_images\bbc_2025-11-11_c0l7yjgn050o_img02.png,0.049846,NO_DATAVIZ
D:\FR\IGD\IPCC internship\output\bbc\bbc_images\bbc_2025-11-12_c1k0y8mdmp2o_img01.jpg,0.017881,NO_DATAVIZ
D:\FR\IGD\IPCC internship\output\bbc\bbc_images\bbc_2025-11-12_c1k0y8mdmp2o_img02.jpg,0.094812,NO_DATAVIZ
D:\FR\IGD\IPCC internship\output\bbc\bbc_images\bbc_2025-11-13_ckg161jklelo_img01.jpg,0.076060,NO_DATAVIZ
D:\FR\IGD\IPCC internship\output\bbc\bbc_images\bbc_2025-11-13_cly1eg2v155o_img01.jpg,0.036389,NO_DATAVIZ
D:\FR\IGD\IPCC internship\output\bbc\bbc_images\bbc_2025-11-13_cly1eg2v155o_img02.png,0.078112,NO_DATAVIZ
D:\FR\IGD\IPCC internship\output\bbc\bbc_images\bbc_2025-11-15_cly4r9ggqleo_img01.jpg,0.172233,NO_DATAVIZ
D:\FR\IGD\IPCC internship\output\bbc\bbc_images\bbc_2025-11-15_cly4r9ggqleo_img02.jpg,0.067721,NO_DATAVIZ
D:\FR\IGD\IPCC internship\output\bbc\bbc_images\bbc_2025-11-15_cly4r9ggqleo_img03.jpg,0.057014,NO_DATAVIZ
D:\FR\IGD\IPCC internship\output\bbc\bbc_images\bbc_2025-11-15_cly4r9ggqleo_img04.jpg,0.158103,NO_DATAVIZ
D:\FR\IGD\IPCC internship\output\bbc\bbc_images\bbc_2025-11-15_cly4r9ggqleo_img05.jpg,0.034539,NO_DATAVIZ
D:\FR\IGD\IPCC internship\output\bbc\bbc_images\bbc_2025-11-15_cly4r9ggqleo_img06.jpg,0.058254,NO_DATAVIZ
D:\FR\IGD\IPCC internship\output\bbc\bbc_images\bbc_2025-11-15_cly4r9ggqleo_img07.jpg,0.018259,NO_DATAVIZ
D:\FR\IGD\IPCC internship\output\bbc\bbc_images\bbc_2025-11-15_cvgmyzvxevpo_img01.jpg,0.018449,NO_DATAVIZ
D:\FR\IGD\IPCC internship\output\bbc\bbc_images\bbc_2025-11-18_c1d0vekq12ro_img01.jpg,0.086118,NO_DATAVIZ
D:\FR\IGD\IPCC internship\output\bbc\bbc_images\bbc_2025-11-18_c1d0vekq12ro_img02.jpg,0.014863,NO_DATAVIZ
D:\FR\IGD\IPCC internship\output\bbc\bbc_images\bbc_2025-11-19_cr43yzq62rgo_img01.jpg,0.067517,NO_DATAVIZ
D:\FR\IGD\IPCC internship\output\bbc\bbc_images\bbc_2025-11-19_cr43yzq62rgo_img02.jpg,0.165682,NO_DATAVIZ
D:\FR\IGD\IPCC internship\output\bbc\bbc_images\bbc_2025-11-19_cr43yzq62rgo_img03.jpg,0.013287,NO_DATAVIZ
D:\FR\IGD\IPCC internship\output\bbc\bbc_images\bbc_2025-11-20_cly2y3wzyw4o_img01.png,0.041856,NO_DATAVIZ
D:\FR\IGD\IPCC internship\output\bbc\bbc_images\bbc_2025-11-20_cly2y3wzyw4o_img02.jpg,0.054063,NO_DATAVIZ
D:\FR\IGD\IPCC internship\output\bbc\bbc_images\bbc_2025-11-21_c0q5ewew4geo_img01.jpg,0.011706,NO_DATAVIZ
D:\FR\IGD\IPCC internship\output\bbc\bbc_images\bbc_2025-11-21_c0q5ewew4geo_img02.jpg,0.015129,NO_DATAVIZ
D:\FR\IGD\IPCC internship\output\bbc\bbc_images\bbc_2025-11-21_c0q5ewew4geo_img03.jpg,0.078038,NO_DATAVIZ
D:\FR\IGD\IPCC internship\output\bbc\bbc_images\bbc_2025-11-21_c0q5ewew4geo_img04.jpg,0.022509,NO_DATAVIZ
D:\FR\IGD\IPCC internship\output\bbc\bbc_images\bbc_2025-11-21_cy8v8k8mlego_img01.jpg,0.042560,NO_DATAVIZ
D:\FR\IGD\IPCC internship\output\bbc\bbc_images\bbc_2025-11-21_cy8v8k8mlego_img02.jpg,0.088567,NO_DATAVIZ
D:\FR\IGD\IPCC internship\output\bbc\bbc_images\bbc_2025-11-21_cy8v8k8mlego_img03.jpg,0.040453,NO_DATAVIZ
D:\FR\IGD\IPCC internship\output\bbc\bbc_images\bbc_2025-11-21_czxn9xnpey2o_img01.jpg,0.012401,NO_DATAVIZ
D:\FR\IGD\IPCC internship\output\bbc\bbc_images\bbc_2025-11-21_czxn9xnpey2o_img02.jpg,0.355273,NO_DATAVIZ
D:\FR\IGD\IPCC internship\output\bbc\bbc_images\bbc_2025-11-21_czxn9xnpey2o_img03.jpg,0.014186,NO_DATAVIZ
D:\FR\IGD\IPCC internship\output\bbc\bbc_images\bbc_2025-11-21_czxn9xnpey2o_img04.jpg,0.031407,NO_DATAVIZ
D:\FR\IGD\IPCC internship\output\bbc\bbc_images\bbc_2025-11-22_c75vn7yel73o_img01.jpg,0.009666,NO_DATAVIZ
D:\FR\IGD\IPCC internship\output\bbc\bbc_images\bbc_2025-11-22_c75vn7yel73o_img02.jpg,0.034164,NO_DATAVIZ
D:\FR\IGD\IPCC internship\output\bbc\bbc_images\bbc_2025-11-22_c75vn7yel73o_img03.jpg,0.015987,NO_DATAVIZ
D:\FR\IGD\IPCC internship\output\bbc\bbc_images\bbc_2025-11-22_c75vn7yel73o_img04.jpg,0.015689,NO_DATAVIZ
D:\FR\IGD\IPCC internship\output\bbc\bbc_images\bbc_2025-11-22_c75vn7yel73o_img05.png,0.213191,NO_DATAVIZ
D:\FR\IGD\IPCC internship\output\bbc\bbc_images\bbc_2025-11-24_cm2895lzd1jo_img01.jpg,0.117338,NO_DATAVIZ
D:\FR\IGD\IPCC internship\output\bbc\bbc_images\bbc_2025-11-25_cgr10jj8xg2o_img01.jpg,0.034743,NO_DATAVIZ
D:\FR\IGD\IPCC internship\output\bbc\bbc_images\bbc_2025-11-25_cgr10jj8xg2o_img02.jpg,0.012452,NO_DATAVIZ
D:\FR\IGD\IPCC internship\output\bbc\bbc_images\bbc_2025-11-25_cgr10jj8xg2o_img03.jpg,0.596910,DATAVIZ
D:\FR\IGD\IPCC internship\output\bbc\bbc_images\bbc_2025-11-25_cgr10jj8xg2o_img04.jpg,0.187465,NO_DATAVIZ
D:\FR\IGD\IPCC internship\output\bbc\bbc_images\bbc_2025-11-27_cly5xr1rze4o_img01.jpg,0.045347,NO_DATAVIZ
D:\FR\IGD\IPCC internship\output\bbc\bbc_images\bbc_2025-11-28_ced6xj7d139o_img01.jpg,0.021680,NO_DATAVIZ
D:\FR\IGD\IPCC internship\output\bbc\bbc_images\bbc_2025-11-28_ced6xj7d139o_img02.jpg,0.017995,NO_DATAVIZ
D:\FR\IGD\IPCC internship\output\bbc\bbc_images\bbc_2025-11-29_cwyg30ly956o_img01.jpg,0.036190,NO_DATAVIZ
D:\FR\IGD\IPCC internship\output\bbc\bbc_images\bbc_2025-12-03_cx2gq4lrv6eo_img01.jpg,0.068217,NO_DATAVIZ
D:\FR\IGD\IPCC internship\output\bbc\bbc_images\bbc_2025-12-08_cn09zg32g3lo_img01.png,0.061602,NO_DATAVIZ
D:\FR\IGD\IPCC internship\output\bbc\bbc_images\bbc_2025-12-08_cr5zqnyde27o_img01.jpg,0.081820,NO_DATAVIZ
D:\FR\IGD\IPCC internship\output\bbc\bbc_images\bbc_2025-12-08_cr5zqnyde27o_img02.jpg,0.052601,NO_DATAVIZ
D:\FR\IGD\IPCC internship\output\bbc\bbc_images\bbc_2025-12-08_cr5zqnyde27o_img03.jpg,0.124780,NO_DATAVIZ
D:\FR\IGD\IPCC internship\output\bbc\bbc_images\bbc_2025-12-08_cr5zqnyde27o_img04.jpg,0.031448,NO_DATAVIZ
D:\FR\IGD\IPCC internship\output\bbc\bbc_images\bbc_2025-12-08_cr5zqnyde27o_img05.jpg,0.060889,NO_DATAVIZ
D:\FR\IGD\IPCC internship\output\bbc\bbc_images\bbc_2025-12-11_cvgrkyv8vpxo_img01.jpg,0.056423,NO_DATAVIZ
D:\FR\IGD\IPCC internship\output\bbc\bbc_images\bbc_2025-12-16_c5yq5r92gygo_img01.jpg,0.061390,NO_DATAVIZ
D:\FR\IGD\IPCC internship\output\bbc\bbc_images\bbc_2025-12-16_cvg14zxdxr1o_img01.jpg,0.033153,NO_DATAVIZ
D:\FR\IGD\IPCC internship\output\bbc\bbc_images\bbc_2025-12-16_cvg14zxdxr1o_img02.jpg,0.034484,NO_DATAVIZ
D:\FR\IGD\IPCC internship\output\bbc\bbc_images\bbc_2025-12-16_cvg14zxdxr1o_img03.jpg,0.186139,NO_DATAVIZ
D:\FR\IGD\IPCC internship\output\bbc\bbc_images\bbc_2025-12-16_cvg14zxdxr1o_img04.jpg,0.059311,NO_DATAVIZ
D:\FR\IGD\IPCC internship\output\bbc\bbc_images\bbc_2025-12-19_cd9zpjqpdyxo_img01.jpg,0.102052,NO_DATAVIZ
D:\FR\IGD\IPCC internship\output\bbc\bbc_images\bbc_2025-12-19_cd9zpjqpdyxo_img02.jpg,0.077399,NO_DATAVIZ
D:\FR\IGD\IPCC internship\output\bbc\bbc_images\bbc_2025-12-24_c2k43en0pw0o_img01.jpg,0.014963,NO_DATAVIZ
D:\FR\IGD\IPCC internship\output\bbc\bbc_images\bbc_2025-12-24_c2k43en0pw0o_img02.png,0.168472,NO_DATAVIZ
D:\FR\IGD\IPCC internship\output\bbc\bbc_images\bbc_2025-12-24_c2k43en0pw0o_img03.jpg,0.009371,NO_DATAVIZ
D:\FR\IGD\IPCC internship\output\bbc\bbc_images\bbc_2025-12-24_c2k43en0pw0o_img04.jpg,0.013116,NO_DATAVIZ
D:\FR\IGD\IPCC internship\output\bbc\bbc_images\bbc_2025-12-24_c2k43en0pw0o_img05.jpg,0.121518,NO_DATAVIZ
D:\FR\IGD\IPCC internship\output\bbc\bbc_images\bbc_2025-12-24_c2k43en0pw0o_img06.jpg,0.039906,NO_DATAVIZ
