article_id,newspaper,year_window,search_term,article_title,article_url,published_date,updated_date,image_index,image_url,local_image_path,caption,credit,positive_chart_signal_count,positive_chart_signals,negative_photo_signal_count,negative_photo_signals,review_priority,auto_review_label
71d8ec91-0b7f-5851-b988-02bc0a910573,The New York Times,2018,"""sea level rise""",New Antarctica Map Is Like ‘Putting on Glasses for the First Time and Seeing 20/20’,https://www.nytimes.com/2018/09/07/science/antarctica-map-rema.html,2018-09-07,,1,https://static01.nyt.com/images/2018/09/08/science/08tb-antarcticamap/08tb-antarcticamap-articleLarge.jpg,../Scripts/output/nytimes/nytimes_images/nytimes_2018-09-07_71d8ec91-0b7f-5851-b988-02bc0a910573_img01.jpg,,,1,map,0,,0,likely_visualization
71d8ec91-0b7f-5851-b988-02bc0a910573,The New York Times,2018,"""sea level rise""",New Antarctica Map Is Like ‘Putting on Glasses for the First Time and Seeing 20/20’,https://www.nytimes.com/2018/09/07/science/antarctica-map-rema.html,2018-09-07,,2,https://static01.nyt.com/images/2018/09/08/science/08tb-antarcticamap/08tb-antarcticamap-thumbStandard.jpg,../Scripts/output/nytimes/nytimes_images/nytimes_2018-09-07_71d8ec91-0b7f-5851-b988-02bc0a910573_img02.jpg,,,1,map,0,,0,likely_visualization
d19a9275-a0b3-5dce-ac82-de383e13e5c3,The New York Times,2018,"""sea level rise""","The Trouble With Florence, and a New Set of Eyes in Space",https://www.nytimes.com/2018/09/19/climate/climate-fwd-hurricane-florence.html,2018-09-19,,2,https://static01.nyt.com/images/2018/09/19/climate/cli-newsletter-promo-maps/cli-newsletter-promo-maps-thumbStandard.jpg,../Scripts/output/nytimes/nytimes_images/nytimes_2018-09-19_d19a9275-a0b3-5dce-ac82-de383e13e5c3_img02.jpg,,,1,map,0,,0,likely_visualization
67913562-8f7b-57da-9f60-471d9e898340,The New York Times,2018,"""global temperature""",NASA Ranks 2017 as the Second-Warmest Year on Record,https://www.nytimes.com/2018/01/18/climate/nyt-climate-newsletter.html,2018-01-18,,1,https://static01.nyt.com/images/2018/01/18/climate/cli-newsletter-jan18/merlin_132426617_c13bef50-96c6-4efc-85e3-a3898160f8d9-articleLarge.jpg,../Scripts/output/nytimes/nytimes_images/nytimes_2018-01-18_67913562-8f7b-57da-9f60-471d9e898340_img01.jpg,,,0,,0,,1,broad_candidate
67913562-8f7b-57da-9f60-471d9e898340,The New York Times,2018,"""global temperature""",NASA Ranks 2017 as the Second-Warmest Year on Record,https://www.nytimes.com/2018/01/18/climate/nyt-climate-newsletter.html,2018-01-18,,2,https://static01.nyt.com/images/2018/01/18/climate/cli-newsletter-jan18/cli-newsletter-jan18-thumbStandard.jpg,../Scripts/output/nytimes/nytimes_images/nytimes_2018-01-18_67913562-8f7b-57da-9f60-471d9e898340_img02.jpg,,,0,,0,,1,broad_candidate
0e8776ff-e850-5584-b61d-ca8c4d42ede2,The New York Times,2018,"""global temperature""",Is President Trump a Stealth Postmodernist or Just a Liar?,https://www.nytimes.com/2018/01/25/opinion/trump-postmodernism-lies.html,2018-01-25,,1,https://static01.nyt.com/images/2018/01/25/opinion/25Edsall-web/merlin_132529049_0b598972-d22b-426a-9e7e-273afb789c10-articleLarge.jpg,../Scripts/output/nytimes/nytimes_images/nytimes_2018-01-25_0e8776ff-e850-5584-b61d-ca8c4d42ede2_img01.jpg,,,0,,0,,1,broad_candidate
0e8776ff-e850-5584-b61d-ca8c4d42ede2,The New York Times,2018,"""global temperature""",Is President Trump a Stealth Postmodernist or Just a Liar?,https://www.nytimes.com/2018/01/25/opinion/trump-postmodernism-lies.html,2018-01-25,,2,https://static01.nyt.com/images/2018/01/25/opinion/25Edsall-web/25Edsall-web-thumbStandard-v3.jpg,../Scripts/output/nytimes/nytimes_images/nytimes_2018-01-25_0e8776ff-e850-5584-b61d-ca8c4d42ede2_img02.jpg,,,0,,0,,1,broad_candidate
b74f16d3-6d18-5c86-9d9c-3547cc29f075,The New York Times,2018,IPCC,How to Read Between the Lines When Scott Pruitt Talks About Climate Science,https://www.nytimes.com/2018/02/08/climate/pruitt-climate-change.html,2018-02-08,,1,https://static01.nyt.com/images/2018/02/07/climate/cli-pruitt-promo/cli-pruitt-promo-articleLarge.jpg,../Scripts/output/nytimes/nytimes_images/nytimes_2018-02-08_b74f16d3-6d18-5c86-9d9c-3547cc29f075_img01.jpg,,,0,,0,,1,broad_candidate
b74f16d3-6d18-5c86-9d9c-3547cc29f075,The New York Times,2018,IPCC,How to Read Between the Lines When Scott Pruitt Talks About Climate Science,https://www.nytimes.com/2018/02/08/climate/pruitt-climate-change.html,2018-02-08,,2,https://static01.nyt.com/images/2018/02/07/climate/cli-pruitt-promo/cli-pruitt-promo-thumbStandard.jpg,../Scripts/output/nytimes/nytimes_images/nytimes_2018-02-08_b74f16d3-6d18-5c86-9d9c-3547cc29f075_img02.jpg,,,0,,0,,1,broad_candidate
67536db1-e88c-5966-a5a9-8d9936485333,The New York Times,2018,"""1.5C""",Snowstorm Called ‘Beast From the East’ Sends Britons Scrambling,https://www.nytimes.com/2018/02/28/world/europe/uk-snow-beast-from-the-east.html,2018-02-28,,1,https://static01.nyt.com/images/2018/03/01/world/01BRITAIN-SNOW-01/merlin_134708118_35eb171a-66d4-441a-9247-14ebe02040a0-articleLarge.jpg,../Scripts/output/nytimes/nytimes_images/nytimes_2018-02-28_67536db1-e88c-5966-a5a9-8d9936485333_img01.jpg,,,0,,0,,1,broad_candidate
67536db1-e88c-5966-a5a9-8d9936485333,The New York Times,2018,"""1.5C""",Snowstorm Called ‘Beast From the East’ Sends Britons Scrambling,https://www.nytimes.com/2018/02/28/world/europe/uk-snow-beast-from-the-east.html,2018-02-28,,2,https://static01.nyt.com/images/2018/03/01/world/01BRITAIN-SNOW-01/01BRITAIN-SNOW-01-thumbStandard.jpg,../Scripts/output/nytimes/nytimes_images/nytimes_2018-02-28_67536db1-e88c-5966-a5a9-8d9936485333_img02.jpg,,,0,,0,,1,broad_candidate
15b4541a-c51c-587b-86a2-e6d2498772fc,The New York Times,2018,"""global temperature""",U.N. Chief Picks a Very Rich New Yorker (Not Named Trump) for Climate Job,https://www.nytimes.com/2018/03/05/climate/bloomberg-un-climate.html,2018-03-05,,1,https://static01.nyt.com/images/2018/03/06/climate/06CLI-NATIONS/06CLI-NATIONS-articleLarge.jpg,../Scripts/output/nytimes/nytimes_images/nytimes_2018-03-05_15b4541a-c51c-587b-86a2-e6d2498772fc_img01.jpg,,,0,,0,,1,broad_candidate
15b4541a-c51c-587b-86a2-e6d2498772fc,The New York Times,2018,"""global temperature""",U.N. Chief Picks a Very Rich New Yorker (Not Named Trump) for Climate Job,https://www.nytimes.com/2018/03/05/climate/bloomberg-un-climate.html,2018-03-05,,2,https://static01.nyt.com/images/2018/03/06/climate/06CLI-NATIONS/06CLI-NATIONS-thumbStandard.jpg,../Scripts/output/nytimes/nytimes_images/nytimes_2018-03-05_15b4541a-c51c-587b-86a2-e6d2498772fc_img02.jpg,,,0,,0,,1,broad_candidate
626aba3e-d085-5705-9ed3-37fa99133042,The New York Times,2018,"""net zero""",Prefab Finds a Home in Fire-Ravaged Neighborhoods of California,https://www.nytimes.com/2018/03/05/style/prefab-housing-building-california-wildfires.html,2018-03-05,,1,https://static01.nyt.com/images/2018/03/08/style/08PREFAB1/merlin_133282974_3881799a-e7c0-43ed-8576-4fc77c95c6a7-articleLarge.jpg,../Scripts/output/nytimes/nytimes_images/nytimes_2018-03-05_626aba3e-d085-5705-9ed3-37fa99133042_img01.jpg,,,0,,0,,1,broad_candidate
626aba3e-d085-5705-9ed3-37fa99133042,The New York Times,2018,"""net zero""",Prefab Finds a Home in Fire-Ravaged Neighborhoods of California,https://www.nytimes.com/2018/03/05/style/prefab-housing-building-california-wildfires.html,2018-03-05,,2,https://static01.nyt.com/images/2018/03/08/style/08PREFAB1/08PREFAB1-thumbStandard.jpg,../Scripts/output/nytimes/nytimes_images/nytimes_2018-03-05_626aba3e-d085-5705-9ed3-37fa99133042_img02.jpg,,,0,,0,,1,broad_candidate
858fff75-8100-59a0-968d-26850b8cc18e,The New York Times,2018,IPCC,College Republicans Propose an Unusual Idea From the Right: A Carbon Tax,https://www.nytimes.com/2018/03/06/climate/college-republicans-carbon-tax.html,2018-03-06,,1,https://static01.nyt.com/images/2018/03/07/science/07CLI-GOPSTUDENTS1/merlin_134652012_57ec1c8f-aa3b-4d6a-b4d4-c1f734bf37cb-articleLarge.jpg,../Scripts/output/nytimes/nytimes_images/nytimes_2018-03-06_858fff75-8100-59a0-968d-26850b8cc18e_img01.jpg,,,0,,0,,1,broad_candidate
858fff75-8100-59a0-968d-26850b8cc18e,The New York Times,2018,IPCC,College Republicans Propose an Unusual Idea From the Right: A Carbon Tax,https://www.nytimes.com/2018/03/06/climate/college-republicans-carbon-tax.html,2018-03-06,,2,https://static01.nyt.com/images/2018/03/07/science/07CLI-GOPSTUDENTS1/29CLI-GOPSTUDENTS1-thumbStandard.jpg,../Scripts/output/nytimes/nytimes_images/nytimes_2018-03-06_858fff75-8100-59a0-968d-26850b8cc18e_img02.jpg,,,0,,0,,1,broad_candidate
e84a28d9-3b11-5907-b9bf-2edfd1e2ce42,The New York Times,2018,"""global temperature""",The E.P.A. Chief Wanted a Climate Science Debate. Trump’s Chief of Staff Stopped Him.,https://www.nytimes.com/2018/03/09/climate/pruitt-red-team-climate-debate-kelly.html,2018-03-09,,1,https://static01.nyt.com/images/2018/03/09/climate/09CLI-REDTEAM1/09CLI-REDTEAM1-articleLarge.jpg,../Scripts/output/nytimes/nytimes_images/nytimes_2018-03-09_e84a28d9-3b11-5907-b9bf-2edfd1e2ce42_img01.jpg,,,0,,0,,1,broad_candidate
e84a28d9-3b11-5907-b9bf-2edfd1e2ce42,The New York Times,2018,"""global temperature""",The E.P.A. Chief Wanted a Climate Science Debate. Trump’s Chief of Staff Stopped Him.,https://www.nytimes.com/2018/03/09/climate/pruitt-red-team-climate-debate-kelly.html,2018-03-09,,2,https://static01.nyt.com/images/2018/03/09/climate/09CLI-REDTEAM1/09CLI-REDTEAM1-thumbStandard.jpg,../Scripts/output/nytimes/nytimes_images/nytimes_2018-03-09_e84a28d9-3b11-5907-b9bf-2edfd1e2ce42_img02.jpg,,,0,,0,,1,broad_candidate
363b20eb-8cd8-5519-aa76-058e9cc06fc9,The New York Times,2018,"""global temperature""",Polluters on the High Seas,https://www.nytimes.com/2018/04/06/opinion/greenhouse-gases-international-shipping.html,2018-04-06,,1,https://static01.nyt.com/images/2018/04/05/opinion/05heine/05heine-articleLarge.jpg,../Scripts/output/nytimes/nytimes_images/nytimes_2018-04-06_363b20eb-8cd8-5519-aa76-058e9cc06fc9_img01.jpg,,,0,,0,,1,broad_candidate
363b20eb-8cd8-5519-aa76-058e9cc06fc9,The New York Times,2018,"""global temperature""",Polluters on the High Seas,https://www.nytimes.com/2018/04/06/opinion/greenhouse-gases-international-shipping.html,2018-04-06,,2,https://static01.nyt.com/images/2018/04/05/opinion/05heine/05heine-thumbStandard.jpg,../Scripts/output/nytimes/nytimes_images/nytimes_2018-04-06_363b20eb-8cd8-5519-aa76-058e9cc06fc9_img02.jpg,,,0,,0,,1,broad_candidate
bda85a61-0f91-5eca-85da-dff534d33a43,The New York Times,2018,"""global temperature""",Climate Change Denialists Say Polar Bears Are Fine. Scientists Are Pushing Back.,https://www.nytimes.com/2018/04/10/climate/polar-bears-climate-deniers.html,2018-04-10,,1,https://static01.nyt.com/images/2018/04/09/climate/cli-polarbears-illo/cli-polarbears-illo-articleLarge.jpg,../Scripts/output/nytimes/nytimes_images/nytimes_2018-04-10_bda85a61-0f91-5eca-85da-dff534d33a43_img01.jpg,,,0,,0,,1,broad_candidate
bda85a61-0f91-5eca-85da-dff534d33a43,The New York Times,2018,"""global temperature""",Climate Change Denialists Say Polar Bears Are Fine. Scientists Are Pushing Back.,https://www.nytimes.com/2018/04/10/climate/polar-bears-climate-deniers.html,2018-04-10,,2,https://static01.nyt.com/images/2018/04/09/climate/cli-polarbears-illo/cli-polarbears-illo-thumbStandard-v2.jpg,../Scripts/output/nytimes/nytimes_images/nytimes_2018-04-10_bda85a61-0f91-5eca-85da-dff534d33a43_img02.jpg,,,0,,0,,1,broad_candidate
1467e580-3706-5460-9550-876e05817557,The New York Times,2018,"""net zero""",New Zealand Cites Climate Change in Banning New Offshore Drilling,https://www.nytimes.com/2018/04/12/world/asia/new-zealand-ban-oil-drilling.html,2018-04-12,,1,https://static01.nyt.com/images/2018/04/13/world/13NewZealand/merlin_134790585_1dd121eb-673d-411b-9522-5f6c57f22e32-articleLarge.jpg,../Scripts/output/nytimes/nytimes_images/nytimes_2018-04-12_1467e580-3706-5460-9550-876e05817557_img01.jpg,,,0,,0,,1,broad_candidate
1467e580-3706-5460-9550-876e05817557,The New York Times,2018,"""net zero""",New Zealand Cites Climate Change in Banning New Offshore Drilling,https://www.nytimes.com/2018/04/12/world/asia/new-zealand-ban-oil-drilling.html,2018-04-12,,2,https://static01.nyt.com/images/2018/04/13/world/13NewZealand/13NewZealand-thumbStandard.jpg,../Scripts/output/nytimes/nytimes_images/nytimes_2018-04-12_1467e580-3706-5460-9550-876e05817557_img02.jpg,,,0,,0,,1,broad_candidate
44e02ef2-85c2-5cd3-9380-cb9749be65e5,The New York Times,2018,IPCC,Can Dirt Save the Earth?,https://www.nytimes.com/2018/04/18/magazine/dirt-save-earth-carbon-farming-climate-change.html,2018-04-18,,1,https://static01.nyt.com/images/2018/04/22/magazine/22mag-carbon1/22mag-carbon1-articleLarge.jpg,../Scripts/output/nytimes/nytimes_images/nytimes_2018-04-18_44e02ef2-85c2-5cd3-9380-cb9749be65e5_img01.jpg,,,0,,0,,1,broad_candidate
44e02ef2-85c2-5cd3-9380-cb9749be65e5,The New York Times,2018,IPCC,Can Dirt Save the Earth?,https://www.nytimes.com/2018/04/18/magazine/dirt-save-earth-carbon-farming-climate-change.html,2018-04-18,,2,https://static01.nyt.com/images/2018/04/22/magazine/22mag-carbon1/22mag-carbon1-thumbStandard.jpg,../Scripts/output/nytimes/nytimes_images/nytimes_2018-04-18_44e02ef2-85c2-5cd3-9380-cb9749be65e5_img02.jpg,,,0,,0,,1,broad_candidate
205e0344-2916-5f2c-a971-ff445d65c3d8,The New York Times,2018,IPCC,A Smorgasbord of Solutions for Global Warming,https://www.nytimes.com/2018/04/25/opinion/a-smorgasbord-of-solutions-for-global-warming.html,2018-04-25,,1,https://static01.nyt.com/images/2018/04/25/opinion/25BornsteinWEB1/25BornsteinWEB1-articleLarge.jpg,../Scripts/output/nytimes/nytimes_images/nytimes_2018-04-25_205e0344-2916-5f2c-a971-ff445d65c3d8_img01.jpg,,,0,,0,,1,broad_candidate
205e0344-2916-5f2c-a971-ff445d65c3d8,The New York Times,2018,IPCC,A Smorgasbord of Solutions for Global Warming,https://www.nytimes.com/2018/04/25/opinion/a-smorgasbord-of-solutions-for-global-warming.html,2018-04-25,,2,https://static01.nyt.com/images/2018/04/25/opinion/25BornsteinWEB1/25BornsteinWEB1-thumbStandard.jpg,../Scripts/output/nytimes/nytimes_images/nytimes_2018-04-25_205e0344-2916-5f2c-a971-ff445d65c3d8_img02.jpg,,,0,,0,,1,broad_candidate
d1c958ec-ed66-5c87-a349-2bb92dea15db,The New York Times,2018,"""global temperature""",Hottest April Day Ever Was Probably Monday in Pakistan: A Record 122.4°F,https://www.nytimes.com/2018/05/04/world/asia/pakistan-heat-record.html,2018-05-04,,1,https://static01.nyt.com/images/2018/05/04/world/04heat_xp/merlin_39928867_4c18f201-0272-4f55-a667-61ec1607a373-articleLarge.jpg,../Scripts/output/nytimes/nytimes_images/nytimes_2018-05-04_d1c958ec-ed66-5c87-a349-2bb92dea15db_img01.jpg,,,0,,0,,1,broad_candidate
d1c958ec-ed66-5c87-a349-2bb92dea15db,The New York Times,2018,"""global temperature""",Hottest April Day Ever Was Probably Monday in Pakistan: A Record 122.4°F,https://www.nytimes.com/2018/05/04/world/asia/pakistan-heat-record.html,2018-05-04,,2,https://static01.nyt.com/images/2018/05/04/world/04heat_xp/04heat_xp-thumbStandard.jpg,../Scripts/output/nytimes/nytimes_images/nytimes_2018-05-04_d1c958ec-ed66-5c87-a349-2bb92dea15db_img02.jpg,,,0,,0,,1,broad_candidate
97382659-8b09-5c3c-88fb-94aa01307827,The New York Times,2018,"""net zero""",California Will Require Solar Power for New Homes,https://www.nytimes.com/2018/05/09/business/energy-environment/california-solar-power.html,2018-05-09,,1,https://static01.nyt.com/images/2018/05/10/business/10SOLAR-1/merlin_137863947_25c3d34a-7f78-4c49-991a-cf1b5f9d8607-articleLarge.jpg,../Scripts/output/nytimes/nytimes_images/nytimes_2018-05-09_97382659-8b09-5c3c-88fb-94aa01307827_img01.jpg,,,0,,0,,1,broad_candidate
97382659-8b09-5c3c-88fb-94aa01307827,The New York Times,2018,"""net zero""",California Will Require Solar Power for New Homes,https://www.nytimes.com/2018/05/09/business/energy-environment/california-solar-power.html,2018-05-09,,2,https://static01.nyt.com/images/2018/05/10/business/10SOLAR-1/10SOLAR-1-thumbStandard-v2.jpg,../Scripts/output/nytimes/nytimes_images/nytimes_2018-05-09_97382659-8b09-5c3c-88fb-94aa01307827_img02.jpg,,,0,,0,,1,broad_candidate
a77fd3ac-b92c-5e79-8a32-d920d8e8b526,The New York Times,2018,"""global temperature""",Fiddling With the Roof,https://www.nytimes.com/2018/05/09/climate/white-roofs.html,2018-05-09,,2,https://static01.nyt.com/images/2018/05/11/climate/cli-newsletter-roofs/cli-newsletter-roofs-thumbStandard.jpg,../Scripts/output/nytimes/nytimes_images/nytimes_2018-05-09_a77fd3ac-b92c-5e79-8a32-d920d8e8b526_img02.jpg,,,0,,0,,1,broad_candidate
f662fe43-2994-5462-a5f4-a4c12dcdd964,The New York Times,2018,"""carbon budget""",Reviving Supersonic Jets Will Damage the Climate,https://www.nytimes.com/2018/06/11/opinion/reviving-supersonic-jets-will-damage-the-climate.html,2018-06-11,,1,https://static01.nyt.com/images/2018/06/06/opinion/06pope-illo/06pope-illo-articleLarge.jpg,../Scripts/output/nytimes/nytimes_images/nytimes_2018-06-11_f662fe43-2994-5462-a5f4-a4c12dcdd964_img01.jpg,,,0,,0,,1,broad_candidate
f662fe43-2994-5462-a5f4-a4c12dcdd964,The New York Times,2018,"""carbon budget""",Reviving Supersonic Jets Will Damage the Climate,https://www.nytimes.com/2018/06/11/opinion/reviving-supersonic-jets-will-damage-the-climate.html,2018-06-11,,2,https://static01.nyt.com/images/2018/06/06/opinion/06pope-illo/06pope-illo-thumbStandard.jpg,../Scripts/output/nytimes/nytimes_images/nytimes_2018-06-11_f662fe43-2994-5462-a5f4-a4c12dcdd964_img02.jpg,,,0,,0,,1,broad_candidate
c5102bed-0fa8-5de8-81c2-28b22a3d0dfc,The New York Times,2018,"""global temperature""",A Prophet of Doom Was Right About the Climate,https://www.nytimes.com/2018/06/23/opinion/sunday/james-e-hansen-climate-global-warming.html,2018-06-23,,1,https://static01.nyt.com/images/2018/06/24/opinion/24gillis-illo/merlin_140075112_197675ba-6d55-4e18-b5f6-1ffdb84fb748-articleLarge.jpg,../Scripts/output/nytimes/nytimes_images/nytimes_2018-06-23_c5102bed-0fa8-5de8-81c2-28b22a3d0dfc_img01.jpg,,,0,,0,,1,broad_candidate
c5102bed-0fa8-5de8-81c2-28b22a3d0dfc,The New York Times,2018,"""global temperature""",A Prophet of Doom Was Right About the Climate,https://www.nytimes.com/2018/06/23/opinion/sunday/james-e-hansen-climate-global-warming.html,2018-06-23,,2,https://static01.nyt.com/images/2018/06/24/opinion/24gillis-illo/24gillis-illo-thumbStandard-v2.jpg,../Scripts/output/nytimes/nytimes_images/nytimes_2018-06-23_c5102bed-0fa8-5de8-81c2-28b22a3d0dfc_img02.jpg,,,0,,0,,1,broad_candidate
5170e483-ca5a-537b-8ec7-0b24a0450b5b,The New York Times,2018,"""net zero""",How France Won Its Second World Cup Title,https://www.nytimes.com/2018/07/15/sports/world-cup/france-vs-croatia-final.html,2018-07-15,,1,https://static01.nyt.com/images/2018/07/16/sports/16worldcup-final/merlin_141319968_1e877350-5527-4e55-81d1-2e7dadc8c5a6-articleLarge.jpg,../Scripts/output/nytimes/nytimes_images/nytimes_2018-07-15_5170e483-ca5a-537b-8ec7-0b24a0450b5b_img01.jpg,,,0,,0,,1,broad_candidate
5170e483-ca5a-537b-8ec7-0b24a0450b5b,The New York Times,2018,"""net zero""",How France Won Its Second World Cup Title,https://www.nytimes.com/2018/07/15/sports/world-cup/france-vs-croatia-final.html,2018-07-15,,2,https://static01.nyt.com/images/2018/07/16/sports/16worldcup-final/16worldcup-final-thumbStandard.jpg,../Scripts/output/nytimes/nytimes_images/nytimes_2018-07-15_5170e483-ca5a-537b-8ec7-0b24a0450b5b_img02.jpg,,,0,,0,,1,broad_candidate
a2f55ac5-e142-59a7-8371-f48d8182fd3e,The New York Times,2018,"""global temperature""","China Is a Climate Leader but Still Isn’t Doing Enough on Emissions, Report Says",https://www.nytimes.com/2018/07/19/world/asia/china-climate-change-report.html,2018-07-19,,1,https://static01.nyt.com/images/2018/07/20/world/20china-climate/merlin_133204692_3af23349-580e-4c6a-968c-05410ba4a3b6-articleLarge.jpg,../Scripts/output/nytimes/nytimes_images/nytimes_2018-07-19_a2f55ac5-e142-59a7-8371-f48d8182fd3e_img01.jpg,,,0,,0,,1,broad_candidate
a2f55ac5-e142-59a7-8371-f48d8182fd3e,The New York Times,2018,"""global temperature""","China Is a Climate Leader but Still Isn’t Doing Enough on Emissions, Report Says",https://www.nytimes.com/2018/07/19/world/asia/china-climate-change-report.html,2018-07-19,,2,https://static01.nyt.com/images/2018/07/20/world/20china-climate/20china-climate-thumbStandard.jpg,../Scripts/output/nytimes/nytimes_images/nytimes_2018-07-19_a2f55ac5-e142-59a7-8371-f48d8182fd3e_img02.jpg,,,0,,0,,1,broad_candidate
61f2d852-6b4b-5676-975e-03dd50a2e7f9,The New York Times,2018,"""sea level rise""",12 Artists On: Climate Change,https://www.nytimes.com/2018/08/22/t-magazine/climate-change-art.html,2018-08-22,,1,https://static01.nyt.com/images/2018/08/21/t-magazine/21tmag-agitprop-slide-MTTB/21tmag-agitprop-slide-MTTB-articleLarge.jpg,../Scripts/output/nytimes/nytimes_images/nytimes_2018-08-22_61f2d852-6b4b-5676-975e-03dd50a2e7f9_img01.jpg,,,0,,0,,1,broad_candidate
61f2d852-6b4b-5676-975e-03dd50a2e7f9,The New York Times,2018,"""sea level rise""",12 Artists On: Climate Change,https://www.nytimes.com/2018/08/22/t-magazine/climate-change-art.html,2018-08-22,,2,https://static01.nyt.com/images/2018/08/21/t-magazine/21tmag-agitprop-slide-MTTB/21tmag-agitprop-slide-MTTB-thumbStandard.jpg,../Scripts/output/nytimes/nytimes_images/nytimes_2018-08-22_61f2d852-6b4b-5676-975e-03dd50a2e7f9_img02.jpg,,,0,,0,,1,broad_candidate
9221976c-fad5-5c56-9bce-8d657d5bc0ee,The New York Times,2018,"""sea level rise""","‘Sick of Losing,’ Democrats Race to the End of a Wild Florida Primary for Governor",https://www.nytimes.com/2018/08/27/us/florida-democrats-governor-election.html,2018-08-27,,1,https://static01.nyt.com/images/2018/08/24/us/00floridadems-01/merlin_142551261_fcf08c7a-9d4e-4712-89ac-b0ac88f18e0e-articleLarge.jpg,../Scripts/output/nytimes/nytimes_images/nytimes_2018-08-27_9221976c-fad5-5c56-9bce-8d657d5bc0ee_img01.jpg,,,0,,0,,1,broad_candidate
9221976c-fad5-5c56-9bce-8d657d5bc0ee,The New York Times,2018,"""sea level rise""","‘Sick of Losing,’ Democrats Race to the End of a Wild Florida Primary for Governor",https://www.nytimes.com/2018/08/27/us/florida-democrats-governor-election.html,2018-08-27,,2,https://static01.nyt.com/images/2018/08/24/us/00floridadems-01/00floridadems-01-thumbStandard.jpg,../Scripts/output/nytimes/nytimes_images/nytimes_2018-08-27_9221976c-fad5-5c56-9bce-8d657d5bc0ee_img02.jpg,,,0,,0,,1,broad_candidate
068cb769-71cd-58cb-8d86-6e6d723731b9,The New York Times,2018,"""net zero""",From Rooftops to Algae Pools: Orlando’s Vision for Carbon-Free Energy,https://www.nytimes.com/2018/08/30/business/energy-environment/orlando-carbon-climate.html,2018-08-30,,1,https://static01.nyt.com/images/2018/08/29/business/29orlando/merlin_142166631_2ace6be3-a01f-4360-8c8e-a18ffdbb7d0c-articleLarge.jpg,../Scripts/output/nytimes/nytimes_images/nytimes_2018-08-30_068cb769-71cd-58cb-8d86-6e6d723731b9_img01.jpg,,,0,,0,,1,broad_candidate
068cb769-71cd-58cb-8d86-6e6d723731b9,The New York Times,2018,"""net zero""",From Rooftops to Algae Pools: Orlando’s Vision for Carbon-Free Energy,https://www.nytimes.com/2018/08/30/business/energy-environment/orlando-carbon-climate.html,2018-08-30,,2,https://static01.nyt.com/images/2018/08/29/business/29orlando/00orlando-thumbStandard.jpg,../Scripts/output/nytimes/nytimes_images/nytimes_2018-08-30_068cb769-71cd-58cb-8d86-6e6d723731b9_img02.jpg,,,0,,0,,1,broad_candidate
d8515a3d-c978-599b-a022-2969a0ce67fd,The New York Times,2018,"""sea level rise""",Rich Nations Vowed Billions for Climate Change. Poor Countries Are Waiting.,https://www.nytimes.com/2018/09/09/world/asia/green-climate-fund-global-warming.html,2018-09-09,,1,https://static01.nyt.com/images/2018/09/10/world/10climate-asia-1/merlin_97083649_04324369-60c8-4b57-9fff-c51c18c2678f-articleLarge.jpg,../Scripts/output/nytimes/nytimes_images/nytimes_2018-09-09_d8515a3d-c978-599b-a022-2969a0ce67fd_img01.jpg,,,0,,0,,1,broad_candidate
d8515a3d-c978-599b-a022-2969a0ce67fd,The New York Times,2018,"""sea level rise""",Rich Nations Vowed Billions for Climate Change. Poor Countries Are Waiting.,https://www.nytimes.com/2018/09/09/world/asia/green-climate-fund-global-warming.html,2018-09-09,,2,https://static01.nyt.com/images/2018/09/10/world/10climate-asia-1/10climate-asia-1-thumbStandard.jpg,../Scripts/output/nytimes/nytimes_images/nytimes_2018-09-09_d8515a3d-c978-599b-a022-2969a0ce67fd_img02.jpg,,,0,,0,,1,broad_candidate
7fa43ec8-6ed5-5e49-aa79-cad1d76ac65e,The New York Times,2018,"""sea level rise""",Who Can Save the Subway?,https://www.nytimes.com/2018/09/12/opinion/andrew-cuomo-cynthia-nixon-governor-2018-primary.html,2018-09-12,,1,https://static01.nyt.com/images/2018/08/30/nyregion/30bardebate-2-print/merlin_142987983_83873b27-f959-433f-ad4f-eeb202411be8-articleLarge.jpg,../Scripts/output/nytimes/nytimes_images/nytimes_2018-09-12_7fa43ec8-6ed5-5e49-aa79-cad1d76ac65e_img01.jpg,,,0,,0,,1,broad_candidate
7fa43ec8-6ed5-5e49-aa79-cad1d76ac65e,The New York Times,2018,"""sea level rise""",Who Can Save the Subway?,https://www.nytimes.com/2018/09/12/opinion/andrew-cuomo-cynthia-nixon-governor-2018-primary.html,2018-09-12,,2,https://static01.nyt.com/images/2018/08/30/nyregion/30bardebate-2-print/30bardebate-03-thumbStandard.jpg,../Scripts/output/nytimes/nytimes_images/nytimes_2018-09-12_7fa43ec8-6ed5-5e49-aa79-cad1d76ac65e_img02.jpg,,,0,,0,,1,broad_candidate
f6ead3e6-669f-5b63-9ceb-d3999c7da1e7,The New York Times,2018,"""sea level rise""","North Carolina, Warned of Rising Seas, Chose to Favor Development",https://www.nytimes.com/2018/09/12/us/north-carolina-coast-hurricane.html,2018-09-12,,1,https://static01.nyt.com/images/2018/09/13/us/13northcarolina1/merlin_143645142_05e40352-d279-4fc5-81af-4b60911a788a-articleLarge.jpg,../Scripts/output/nytimes/nytimes_images/nytimes_2018-09-12_f6ead3e6-669f-5b63-9ceb-d3999c7da1e7_img01.jpg,,,0,,0,,1,broad_candidate
f6ead3e6-669f-5b63-9ceb-d3999c7da1e7,The New York Times,2018,"""sea level rise""","North Carolina, Warned of Rising Seas, Chose to Favor Development",https://www.nytimes.com/2018/09/12/us/north-carolina-coast-hurricane.html,2018-09-12,,2,https://static01.nyt.com/images/2018/09/13/us/13northcarolina1/13northcarolina1-thumbStandard.jpg,../Scripts/output/nytimes/nytimes_images/nytimes_2018-09-12_f6ead3e6-669f-5b63-9ceb-d3999c7da1e7_img02.jpg,,,0,,0,,1,broad_candidate
a545ef4a-a860-50b7-9173-4c52634dee20,The New York Times,2018,"""sea level rise""","As the Ice Melts, NASA Will Be Watching",https://www.nytimes.com/2018/09/14/climate/nasa-ice-satellite-launch.html,2018-09-14,,1,https://static01.nyt.com/images/2018/09/15/science/15CLI-ICESATpromo/merlin_143731641_411ade9b-eb68-4244-9eed-dffac7aada9e-articleLarge.jpg,../Scripts/output/nytimes/nytimes_images/nytimes_2018-09-14_a545ef4a-a860-50b7-9173-4c52634dee20_img01.jpg,,,0,,0,,1,broad_candidate
a545ef4a-a860-50b7-9173-4c52634dee20,The New York Times,2018,"""sea level rise""","As the Ice Melts, NASA Will Be Watching",https://www.nytimes.com/2018/09/14/climate/nasa-ice-satellite-launch.html,2018-09-14,,2,https://static01.nyt.com/images/2018/09/15/science/15CLI-ICESATpromo/15CLI-ICESATpromo-thumbStandard.jpg,../Scripts/output/nytimes/nytimes_images/nytimes_2018-09-14_a545ef4a-a860-50b7-9173-4c52634dee20_img02.jpg,,,0,,0,,1,broad_candidate
60e58ee6-06db-52b0-ae7e-b0aa431a62a3,The New York Times,2018,"""sea level rise""",Saltmarsh Sparrows Fight to Keep Their Heads Above Water,https://www.nytimes.com/2018/09/17/science/saltmarsh-sparrow-extinction.html,2018-09-17,,1,https://static01.nyt.com/images/2018/09/18/science/18SCI-SPARROWS1/merlin_141234075_fafe4100-5370-49a3-9fe0-97330cf98cd9-articleLarge.jpg,../Scripts/output/nytimes/nytimes_images/nytimes_2018-09-17_60e58ee6-06db-52b0-ae7e-b0aa431a62a3_img01.jpg,,,0,,0,,1,broad_candidate
60e58ee6-06db-52b0-ae7e-b0aa431a62a3,The New York Times,2018,"""sea level rise""",Saltmarsh Sparrows Fight to Keep Their Heads Above Water,https://www.nytimes.com/2018/09/17/science/saltmarsh-sparrow-extinction.html,2018-09-17,,2,https://static01.nyt.com/images/2018/09/18/science/18SCI-SPARROWS1/merlin_141234075_fafe4100-5370-49a3-9fe0-97330cf98cd9-thumbStandard.jpg,../Scripts/output/nytimes/nytimes_images/nytimes_2018-09-17_60e58ee6-06db-52b0-ae7e-b0aa431a62a3_img02.jpg,,,0,,0,,1,broad_candidate
155085b3-b21a-5cbe-a5e9-ffde181ce935,The New York Times,2018,"""sea level rise""","With Climate Change No Longer in the Future, Adaptation Speeds Up",https://www.nytimes.com/2018/09/21/climate/climate-change-adaptation.html,2018-09-21,,1,https://static01.nyt.com/images/2018/09/24/world/24adapt-inyt1/24adapt-inyt1-articleLarge.jpg,../Scripts/output/nytimes/nytimes_images/nytimes_2018-09-21_155085b3-b21a-5cbe-a5e9-ffde181ce935_img01.jpg,,,0,,0,,1,broad_candidate
155085b3-b21a-5cbe-a5e9-ffde181ce935,The New York Times,2018,"""sea level rise""","With Climate Change No Longer in the Future, Adaptation Speeds Up",https://www.nytimes.com/2018/09/21/climate/climate-change-adaptation.html,2018-09-21,,2,https://static01.nyt.com/images/2018/09/24/world/24adapt-inyt1/24adapt-inyt1-thumbStandard.jpg,../Scripts/output/nytimes/nytimes_images/nytimes_2018-09-21_155085b3-b21a-5cbe-a5e9-ffde181ce935_img02.jpg,,,0,,0,,1,broad_candidate
8e0b6293-1e7a-55f2-8dfd-d966fefdf4fa,The New York Times,2018,"""net zero""","In Sweden, Trash Heats Homes, Powers Buses and Fuels Taxi Fleets",https://www.nytimes.com/2018/09/21/climate/sweden-garbage-used-for-fuel.html,2018-09-21,,1,https://static01.nyt.com/images/2018/09/24/world/24WASTE-INYT1/24WASTE-INYT1-articleLarge.jpg,../Scripts/output/nytimes/nytimes_images/nytimes_2018-09-21_8e0b6293-1e7a-55f2-8dfd-d966fefdf4fa_img01.jpg,,,0,,0,,1,broad_candidate
8e0b6293-1e7a-55f2-8dfd-d966fefdf4fa,The New York Times,2018,"""net zero""","In Sweden, Trash Heats Homes, Powers Buses and Fuels Taxi Fleets",https://www.nytimes.com/2018/09/21/climate/sweden-garbage-used-for-fuel.html,2018-09-21,,2,https://static01.nyt.com/images/2018/09/24/world/24WASTE-INYT1/24WASTE-INYT1-thumbStandard.jpg,../Scripts/output/nytimes/nytimes_images/nytimes_2018-09-21_8e0b6293-1e7a-55f2-8dfd-d966fefdf4fa_img02.jpg,,,0,,0,,1,broad_candidate
a39cec27-155c-515e-8f8a-40750fc76ee9,The New York Times,2018,"""sea level rise""",Using Drones to Tell the Story of Climate Change,https://www.nytimes.com/2018/09/30/insider/drones-orkney-islands.html,2018-09-30,,1,https://static01.nyt.com/images/2018/10/01/insider/01haner-sub/01haner-sub-articleLarge.jpg,../Scripts/output/nytimes/nytimes_images/nytimes_2018-09-30_a39cec27-155c-515e-8f8a-40750fc76ee9_img01.jpg,,,0,,0,,1,broad_candidate
a39cec27-155c-515e-8f8a-40750fc76ee9,The New York Times,2018,"""sea level rise""",Using Drones to Tell the Story of Climate Change,https://www.nytimes.com/2018/09/30/insider/drones-orkney-islands.html,2018-09-30,,2,https://static01.nyt.com/images/2018/10/01/insider/01haner-sub/01haner-sub-thumbStandard.jpg,../Scripts/output/nytimes/nytimes_images/nytimes_2018-09-30_a39cec27-155c-515e-8f8a-40750fc76ee9_img02.jpg,,,0,,0,,1,broad_candidate
ecaa9fa2-8c53-50cf-9e8b-60171a55f5d3,The New York Times,2018,"""global temperature""",Stopping Climate Change Is Hopeless. Let’s Do It.,https://www.nytimes.com/2018/10/06/opinion/sunday/climate-change-global-warming.html,2018-10-06,,1,https://static01.nyt.com/images/2018/10/07/opinion/sunday/07schendler/merlin_144872895_d09df7cb-792b-4fa3-ba3f-15124377c7f3-articleLarge.jpg,../Scripts/output/nytimes/nytimes_images/nytimes_2018-10-06_ecaa9fa2-8c53-50cf-9e8b-60171a55f5d3_img01.jpg,,,0,,0,,1,broad_candidate
ecaa9fa2-8c53-50cf-9e8b-60171a55f5d3,The New York Times,2018,"""global temperature""",Stopping Climate Change Is Hopeless. Let’s Do It.,https://www.nytimes.com/2018/10/06/opinion/sunday/climate-change-global-warming.html,2018-10-06,,2,https://static01.nyt.com/images/2018/10/07/opinion/sunday/07schendler/07schendler-thumbStandard.jpg,../Scripts/output/nytimes/nytimes_images/nytimes_2018-10-06_ecaa9fa2-8c53-50cf-9e8b-60171a55f5d3_img02.jpg,,,0,,0,,1,broad_candidate
3407c02f-19f5-5f18-ad22-b98cd3e162d4,The New York Times,2018,IPCC,"The Climate Outlook Is Dire. So, What’s Next?",https://www.nytimes.com/2018/10/09/climate/climate-change-report.html,2018-10-09,,1,https://static01.nyt.com/images/2018/10/10/world/10CLI-WORLDEMISSIONS-print/10CLI-WORLDEMISSIONS-articleLarge.jpg,../Scripts/output/nytimes/nytimes_images/nytimes_2018-10-09_3407c02f-19f5-5f18-ad22-b98cd3e162d4_img01.jpg,,,0,,0,,1,broad_candidate
3407c02f-19f5-5f18-ad22-b98cd3e162d4,The New York Times,2018,IPCC,"The Climate Outlook Is Dire. So, What’s Next?",https://www.nytimes.com/2018/10/09/climate/climate-change-report.html,2018-10-09,,2,https://static01.nyt.com/images/2018/10/10/world/10CLI-WORLDEMISSIONS-print/10CLI-WORLDEMISSIONS-thumbStandard.jpg,../Scripts/output/nytimes/nytimes_images/nytimes_2018-10-09_3407c02f-19f5-5f18-ad22-b98cd3e162d4_img02.jpg,,,0,,0,,1,broad_candidate
7ec9a72f-86b8-5f24-a6c3-7b0a889a7ed7,The New York Times,2018,IPCC,How Concerned Are You About Climate Change?,https://www.nytimes.com/2018/10/09/learning/how-concerned-are-you-about-climate-change.html,2018-10-09,,1,https://static01.nyt.com/images/2018/10/08/climate/08cli-heat1/merlin_141839034_fbe42137-8a08-406c-966d-915fe9f49913-articleLarge.jpg,../Scripts/output/nytimes/nytimes_images/nytimes_2018-10-09_7ec9a72f-86b8-5f24-a6c3-7b0a889a7ed7_img01.jpg,,,0,,0,,1,broad_candidate
7ec9a72f-86b8-5f24-a6c3-7b0a889a7ed7,The New York Times,2018,IPCC,How Concerned Are You About Climate Change?,https://www.nytimes.com/2018/10/09/learning/how-concerned-are-you-about-climate-change.html,2018-10-09,,2,https://static01.nyt.com/images/2018/10/08/climate/08cli-heat1/08cli-heat1-thumbStandard.jpg,../Scripts/output/nytimes/nytimes_images/nytimes_2018-10-09_7ec9a72f-86b8-5f24-a6c3-7b0a889a7ed7_img02.jpg,,,0,,0,,1,broad_candidate
4c6eb0b4-dfa2-5602-8fa8-be1cf1885432,The New York Times,2018,"""sea level rise""",Why Hurricane Michael’s Power Caught Forecasters Off Guard,https://www.nytimes.com/2018/10/11/climate/hurricane-michael-science.html,2018-10-11,,1,https://static01.nyt.com/images/2018/10/12/climate/12CLI-STORMEXPLAINER1/12CLI-STORMEXPLAINER1-articleLarge.jpg,../Scripts/output/nytimes/nytimes_images/nytimes_2018-10-11_4c6eb0b4-dfa2-5602-8fa8-be1cf1885432_img01.jpg,,,0,,0,,1,broad_candidate
4c6eb0b4-dfa2-5602-8fa8-be1cf1885432,The New York Times,2018,"""sea level rise""",Why Hurricane Michael’s Power Caught Forecasters Off Guard,https://www.nytimes.com/2018/10/11/climate/hurricane-michael-science.html,2018-10-11,,2,https://static01.nyt.com/images/2018/10/12/climate/12CLI-STORMEXPLAINER1/12CLI-STORMEXPLAINER1-thumbStandard.jpg,../Scripts/output/nytimes/nytimes_images/nytimes_2018-10-11_4c6eb0b4-dfa2-5602-8fa8-be1cf1885432_img02.jpg,,,0,,0,,1,broad_candidate
756b99ae-04e5-5bfe-aed1-84b9d5d9d937,The New York Times,2018,IPCC,"After Nobel in Economics, William Nordhaus Talks About Who’s Getting His Pollution-Tax Ideas Right",https://www.nytimes.com/2018/10/13/climate/nordhaus-carbon-tax-interview.html,2018-10-13,,1,https://static01.nyt.com/images/2018/10/13/climate/13CLI-NORDHAUS1/13CLI-NORDHAUS1-articleLarge.jpg,../Scripts/output/nytimes/nytimes_images/nytimes_2018-10-13_756b99ae-04e5-5bfe-aed1-84b9d5d9d937_img01.jpg,,,0,,0,,1,broad_candidate
756b99ae-04e5-5bfe-aed1-84b9d5d9d937,The New York Times,2018,IPCC,"After Nobel in Economics, William Nordhaus Talks About Who’s Getting His Pollution-Tax Ideas Right",https://www.nytimes.com/2018/10/13/climate/nordhaus-carbon-tax-interview.html,2018-10-13,,2,https://static01.nyt.com/images/2018/10/13/climate/13CLI-NORDHAUS1/13CLI-NORDHAUS1-thumbStandard.jpg,../Scripts/output/nytimes/nytimes_images/nytimes_2018-10-13_756b99ae-04e5-5bfe-aed1-84b9d5d9d937_img02.jpg,,,0,,0,,1,broad_candidate
0cd42c73-2e43-5b0c-a01e-896a7cd53d26,The New York Times,2018,"""1.5C""","Homes That Sold for Around $450,000",https://www.nytimes.com/2018/10/14/realestate/homes-that-sold-for-around-450000.html,2018-10-14,,1,https://static01.nyt.com/images/2018/10/14/realestate/14selling-CONN/oakImage-1538087333937-articleLarge.jpg,../Scripts/output/nytimes/nytimes_images/nytimes_2018-10-14_0cd42c73-2e43-5b0c-a01e-896a7cd53d26_img01.jpg,,,0,,0,,1,broad_candidate
0cd42c73-2e43-5b0c-a01e-896a7cd53d26,The New York Times,2018,"""1.5C""","Homes That Sold for Around $450,000",https://www.nytimes.com/2018/10/14/realestate/homes-that-sold-for-around-450000.html,2018-10-14,,2,https://static01.nyt.com/images/2018/10/14/realestate/14selling-CONN/oakImage-1538087333937-thumbStandard.jpg,../Scripts/output/nytimes/nytimes_images/nytimes_2018-10-14_0cd42c73-2e43-5b0c-a01e-896a7cd53d26_img02.jpg,,,0,,0,,1,broad_candidate
d4dff908-4def-557c-9653-a496725afed6,The New York Times,2018,IPCC,"‘I Don’t Know That It’s Man-Made,’ Trump Says of Climate Change. It Is.",https://www.nytimes.com/2018/10/15/climate/trump-climate-change-fact-check.html,2018-10-15,,1,https://static01.nyt.com/images/2018/10/15/climate/15cli-trumpfactcheck-umbrella/15cli-trumpfactcheck-umbrella-articleLarge.jpg,../Scripts/output/nytimes/nytimes_images/nytimes_2018-10-15_d4dff908-4def-557c-9653-a496725afed6_img01.jpg,,,0,,0,,1,broad_candidate
d4dff908-4def-557c-9653-a496725afed6,The New York Times,2018,IPCC,"‘I Don’t Know That It’s Man-Made,’ Trump Says of Climate Change. It Is.",https://www.nytimes.com/2018/10/15/climate/trump-climate-change-fact-check.html,2018-10-15,,2,https://static01.nyt.com/images/2018/10/15/climate/15cli-trumpfactcheck-umbrella/15cli-trumpfactcheck-umbrella-thumbStandard.jpg,../Scripts/output/nytimes/nytimes_images/nytimes_2018-10-15_d4dff908-4def-557c-9653-a496725afed6_img02.jpg,,,0,,0,,1,broad_candidate
ef3dcbe8-a129-5d70-a21c-d930923f2237,The New York Times,2018,"""sea level rise""",We’re Covering Heritage Sites Threatened by Climate Change. The List Just Got Longer.,https://www.nytimes.com/2018/10/16/climate/climate-change-historic-sites.html,2018-10-16,,1,https://static01.nyt.com/images/2018/10/16/climate/16cli-historicsites-easter/merlin_132393525_dd9ad54b-ac92-4a6f-a063-7d261902b216-articleLarge.jpg,../Scripts/output/nytimes/nytimes_images/nytimes_2018-10-16_ef3dcbe8-a129-5d70-a21c-d930923f2237_img01.jpg,,,0,,0,,1,broad_candidate
ef3dcbe8-a129-5d70-a21c-d930923f2237,The New York Times,2018,"""sea level rise""",We’re Covering Heritage Sites Threatened by Climate Change. The List Just Got Longer.,https://www.nytimes.com/2018/10/16/climate/climate-change-historic-sites.html,2018-10-16,,2,https://static01.nyt.com/images/2018/10/16/climate/16cli-historicsites-easter/merlin_132393525_dd9ad54b-ac92-4a6f-a063-7d261902b216-thumbStandard.jpg,../Scripts/output/nytimes/nytimes_images/nytimes_2018-10-16_ef3dcbe8-a129-5d70-a21c-d930923f2237_img02.jpg,,,0,,0,,1,broad_candidate
d44e6307-71ac-5629-9edb-f979f85673e7,The New York Times,2018,"""sea level rise""",Young People Are Suing the Trump Administration Over Climate Change. She’s Their Lawyer.,https://www.nytimes.com/2018/10/23/climate/kids-climate-lawsuit-lawyer.html,2018-10-23,,1,https://static01.nyt.com/images/2018/10/24/climate/24CLI-CLIMATELAWYER-print/00CLI-CLIMATELAWYER1-articleLarge.jpg,../Scripts/output/nytimes/nytimes_images/nytimes_2018-10-23_d44e6307-71ac-5629-9edb-f979f85673e7_img01.jpg,,,0,,0,,1,broad_candidate
d44e6307-71ac-5629-9edb-f979f85673e7,The New York Times,2018,"""sea level rise""",Young People Are Suing the Trump Administration Over Climate Change. She’s Their Lawyer.,https://www.nytimes.com/2018/10/23/climate/kids-climate-lawsuit-lawyer.html,2018-10-23,,2,https://static01.nyt.com/images/2018/10/24/climate/24CLI-CLIMATELAWYER-print/00CLI-CLIMATELAWYER1-thumbStandard.jpg,../Scripts/output/nytimes/nytimes_images/nytimes_2018-10-23_d44e6307-71ac-5629-9edb-f979f85673e7_img02.jpg,,,0,,0,,1,broad_candidate
f2efbadf-833f-58fd-8043-592db8d432b1,The New York Times,2018,"""sea level rise""","New York Sues Exxon Mobil, Saying It Deceived Shareholders on Climate Change",https://www.nytimes.com/2018/10/24/climate/exxon-lawsuit-climate-change.html,2018-10-24,,1,https://static01.nyt.com/images/2018/10/25/climate/25CLI-EXXON1/merlin_145776411_2b9f562e-d758-4ff8-b8fc-33993c5879b1-articleLarge.jpg,../Scripts/output/nytimes/nytimes_images/nytimes_2018-10-24_f2efbadf-833f-58fd-8043-592db8d432b1_img01.jpg,,,0,,0,,1,broad_candidate
f2efbadf-833f-58fd-8043-592db8d432b1,The New York Times,2018,"""sea level rise""","New York Sues Exxon Mobil, Saying It Deceived Shareholders on Climate Change",https://www.nytimes.com/2018/10/24/climate/exxon-lawsuit-climate-change.html,2018-10-24,,2,https://static01.nyt.com/images/2018/10/25/climate/25CLI-EXXON1/25CLI-EXXON1-thumbStandard.jpg,../Scripts/output/nytimes/nytimes_images/nytimes_2018-10-24_f2efbadf-833f-58fd-8043-592db8d432b1_img02.jpg,,,0,,0,,1,broad_candidate
5ccad2d6-6e06-5d9a-b189-f4f39d4ced97,The New York Times,2018,"""sea level rise""",Three Campaign Ads That Are Putting Climate Change on the Agenda,https://www.nytimes.com/2018/10/25/climate/campaign-ads-climate-change.html,2018-10-25,,2,https://static01.nyt.com/images/2018/10/26/climate/26cli-campaignads-illo/26cli-campaignads-illo-thumbStandard.jpg,../Scripts/output/nytimes/nytimes_images/nytimes_2018-10-25_5ccad2d6-6e06-5d9a-b189-f4f39d4ced97_img02.jpg,,,0,,0,,1,broad_candidate
7e2e5022-f574-524b-85a1-dbb9d68989c6,The New York Times,2018,IPCC,"Bruno Latour, the Post-Truth Philosopher, Mounts a Defense of Science",https://www.nytimes.com/2018/10/25/magazine/bruno-latour-post-truth-philosopher-science.html,2018-10-25,,1,https://static01.nyt.com/images/2018/10/19/magazine/mag-Latour-image1/mag-Latour-image1-articleLarge.jpg,../Scripts/output/nytimes/nytimes_images/nytimes_2018-10-25_7e2e5022-f574-524b-85a1-dbb9d68989c6_img01.jpg,,,0,,0,,1,broad_candidate
7e2e5022-f574-524b-85a1-dbb9d68989c6,The New York Times,2018,IPCC,"Bruno Latour, the Post-Truth Philosopher, Mounts a Defense of Science",https://www.nytimes.com/2018/10/25/magazine/bruno-latour-post-truth-philosopher-science.html,2018-10-25,,2,https://static01.nyt.com/images/2018/10/19/magazine/mag-Latour-image1/mag-Latour-image1-thumbStandard.jpg,../Scripts/output/nytimes/nytimes_images/nytimes_2018-10-25_7e2e5022-f574-524b-85a1-dbb9d68989c6_img02.jpg,,,0,,0,,1,broad_candidate
10bee067-ae2c-5710-862d-926e27bd2f31,The New York Times,2018,"""sea level rise""",Best Way to Fight Climate Change? Put an Honest Price on Carbon,https://www.nytimes.com/2018/10/29/opinion/climate-change-carbon-price.html,2018-10-29,,1,https://static01.nyt.com/images/2018/10/26/opinion/editorials/28Carbon-edt/28Carbon-edt-articleLarge.jpg,../Scripts/output/nytimes/nytimes_images/nytimes_2018-10-29_10bee067-ae2c-5710-862d-926e27bd2f31_img01.jpg,,,0,,0,,1,broad_candidate
10bee067-ae2c-5710-862d-926e27bd2f31,The New York Times,2018,"""sea level rise""",Best Way to Fight Climate Change? Put an Honest Price on Carbon,https://www.nytimes.com/2018/10/29/opinion/climate-change-carbon-price.html,2018-10-29,,2,https://static01.nyt.com/images/2018/10/26/opinion/editorials/28Carbon-edt/28Carbon-edt-thumbStandard.jpg,../Scripts/output/nytimes/nytimes_images/nytimes_2018-10-29_10bee067-ae2c-5710-862d-926e27bd2f31_img02.jpg,,,0,,0,,1,broad_candidate
fcf33bd5-8225-54fd-ab0c-b679b3280ea5,The New York Times,2018,"""global temperature""",Scientists Find a New Way to Take the Oceans’ Temperature,https://www.nytimes.com/2018/10/31/climate/ocean-temperatures-hotter.html,2018-11-01,,1,https://static01.nyt.com/images/2018/11/01/climate/01cli-oceans-warming/merlin_119428448_5bc51122-5b66-4887-a251-266c1538388e-articleLarge.jpg,../Scripts/output/nytimes/nytimes_images/nytimes_2018-11-01_fcf33bd5-8225-54fd-ab0c-b679b3280ea5_img01.jpg,,,0,,0,,1,broad_candidate
fcf33bd5-8225-54fd-ab0c-b679b3280ea5,The New York Times,2018,"""global temperature""",Scientists Find a New Way to Take the Oceans’ Temperature,https://www.nytimes.com/2018/10/31/climate/ocean-temperatures-hotter.html,2018-11-01,,2,https://static01.nyt.com/images/2018/11/01/climate/01cli-oceans-warming/merlin_119428448_5bc51122-5b66-4887-a251-266c1538388e-thumbStandard.jpg,../Scripts/output/nytimes/nytimes_images/nytimes_2018-11-01_fcf33bd5-8225-54fd-ab0c-b679b3280ea5_img02.jpg,,,0,,0,,1,broad_candidate
bcecacde-f901-5cb6-99b5-881c7a1cf08e,The New York Times,2018,"""sea level rise""",Climate Change and the Elections: Five Takeaways,https://www.nytimes.com/2018/11/07/climate/climate-change-midterm-elections.html,2018-11-07,,1,https://static01.nyt.com/images/2018/11/08/climate/08CLI-FIVETHINGS1/merlin_146324493_4797daf6-c1cc-4ed8-b05e-ef4f0d624324-articleLarge.jpg,../Scripts/output/nytimes/nytimes_images/nytimes_2018-11-07_bcecacde-f901-5cb6-99b5-881c7a1cf08e_img01.jpg,,,0,,0,,1,broad_candidate
bcecacde-f901-5cb6-99b5-881c7a1cf08e,The New York Times,2018,"""sea level rise""",Climate Change and the Elections: Five Takeaways,https://www.nytimes.com/2018/11/07/climate/climate-change-midterm-elections.html,2018-11-07,,2,https://static01.nyt.com/images/2018/11/08/climate/08CLI-FIVETHINGS1/08CLI-FIVETHINGS1-thumbStandard.jpg,../Scripts/output/nytimes/nytimes_images/nytimes_2018-11-07_bcecacde-f901-5cb6-99b5-881c7a1cf08e_img02.jpg,,,0,,0,,1,broad_candidate
1ef3bee8-aca5-53b1-97ce-d59613522f67,The New York Times,2018,"""sea level rise""",Midterm Climate Report: Partly Cloudy,https://www.nytimes.com/2018/11/09/opinion/climate-change-midterm-elections.html,2018-11-10,,1,https://static01.nyt.com/images/2018/11/09/opinion/09climate/merlin_146593503_2cab3091-1394-4e98-a5b3-fa49294018ce-articleLarge.jpg,../Scripts/output/nytimes/nytimes_images/nytimes_2018-11-10_1ef3bee8-aca5-53b1-97ce-d59613522f67_img01.jpg,,,0,,0,,1,broad_candidate
1ef3bee8-aca5-53b1-97ce-d59613522f67,The New York Times,2018,"""sea level rise""",Midterm Climate Report: Partly Cloudy,https://www.nytimes.com/2018/11/09/opinion/climate-change-midterm-elections.html,2018-11-10,,2,https://static01.nyt.com/images/2018/11/09/opinion/09climate/09climate-thumbStandard.jpg,../Scripts/output/nytimes/nytimes_images/nytimes_2018-11-10_1ef3bee8-aca5-53b1-97ce-d59613522f67_img02.jpg,,,0,,0,,1,broad_candidate
8a1ef4ac-b935-5520-ad01-2144f3517596,The New York Times,2018,"""sea level rise""","California Wildfires, Nancy Pelosi, China: Your Monday Evening Briefing",https://www.nytimes.com/2018/11/19/briefing/california-wildfires-nancy-pelosi-china.html,2018-11-19,,1,https://static01.nyt.com/images/2018/11/19/briefing/111918evening-briefing-promo/19evening-briefing-slide-0LUK-articleLarge.jpg,../Scripts/output/nytimes/nytimes_images/nytimes_2018-11-19_8a1ef4ac-b935-5520-ad01-2144f3517596_img01.jpg,,,0,,0,,1,broad_candidate
8a1ef4ac-b935-5520-ad01-2144f3517596,The New York Times,2018,"""sea level rise""","California Wildfires, Nancy Pelosi, China: Your Monday Evening Briefing",https://www.nytimes.com/2018/11/19/briefing/california-wildfires-nancy-pelosi-china.html,2018-11-19,,2,https://static01.nyt.com/images/2018/11/19/briefing/111918evening-briefing-promo/111918evening-briefing-promo-thumbStandard.jpg,../Scripts/output/nytimes/nytimes_images/nytimes_2018-11-19_8a1ef4ac-b935-5520-ad01-2144f3517596_img02.jpg,,,0,,0,,1,broad_candidate
aa90d560-4522-5803-8d27-672b578ba82c,The New York Times,2018,"""sea level rise""",‘Like a Terror Movie’: How Climate Change Will Cause More Simultaneous Disasters,https://www.nytimes.com/2018/11/19/climate/climate-disasters.html,2018-11-19,,1,https://static01.nyt.com/images/2018/11/20/climate/20CLI-DISASTERS-print/merlin_145393776_50443844-7d4d-4a4d-8df0-44ca6f9b6e35-articleLarge.jpg,../Scripts/output/nytimes/nytimes_images/nytimes_2018-11-19_aa90d560-4522-5803-8d27-672b578ba82c_img01.jpg,,,0,,0,,1,broad_candidate
aa90d560-4522-5803-8d27-672b578ba82c,The New York Times,2018,"""sea level rise""",‘Like a Terror Movie’: How Climate Change Will Cause More Simultaneous Disasters,https://www.nytimes.com/2018/11/19/climate/climate-disasters.html,2018-11-19,,2,https://static01.nyt.com/images/2018/11/20/climate/20CLI-DISASTERS-print/20CLI-DISASTERS1-thumbStandard.jpg,../Scripts/output/nytimes/nytimes_images/nytimes_2018-11-19_aa90d560-4522-5803-8d27-672b578ba82c_img02.jpg,,,0,,0,,1,broad_candidate
f1548021-84cc-5226-bba3-0abeaaef825c,The New York Times,2018,"""global temperature""",Will We Survive Climate Change?,https://www.nytimes.com/2018/11/19/science/climate-change-doom.html,2018-11-20,,1,https://static01.nyt.com/images/2018/11/20/science/20SCI-QUESTIONS-WARMING/merlin_146934687_6f21e5f7-e155-4501-9cfc-fc742059737d-articleLarge.jpg,../Scripts/output/nytimes/nytimes_images/nytimes_2018-11-20_f1548021-84cc-5226-bba3-0abeaaef825c_img01.jpg,,,0,,0,,1,broad_candidate
f1548021-84cc-5226-bba3-0abeaaef825c,The New York Times,2018,"""global temperature""",Will We Survive Climate Change?,https://www.nytimes.com/2018/11/19/science/climate-change-doom.html,2018-11-20,,2,https://static01.nyt.com/images/2018/11/20/science/20SCI-QUESTIONS-WARMING/20SCI-QUESTIONS-WARMING-thumbStandard.jpg,../Scripts/output/nytimes/nytimes_images/nytimes_2018-11-20_f1548021-84cc-5226-bba3-0abeaaef825c_img02.jpg,,,0,,0,,1,broad_candidate
60a33be5-a6fc-5a4d-aaed-7c9b56362b46,The New York Times,2018,"""sea level rise""",U.S. Climate Report Warns of Damaged Environment and Shrinking Economy,https://www.nytimes.com/2018/11/23/climate/us-climate-report.html,2018-11-23,,1,https://static01.nyt.com/images/2018/11/24/climate/24cli-report-2/merlin_146590158_372cbff0-acb2-4bf5-8308-f9b1c200405d-articleLarge.jpg,../Scripts/output/nytimes/nytimes_images/nytimes_2018-11-23_60a33be5-a6fc-5a4d-aaed-7c9b56362b46_img01.jpg,,,0,,0,,1,broad_candidate
60a33be5-a6fc-5a4d-aaed-7c9b56362b46,The New York Times,2018,"""sea level rise""",U.S. Climate Report Warns of Damaged Environment and Shrinking Economy,https://www.nytimes.com/2018/11/23/climate/us-climate-report.html,2018-11-23,,2,https://static01.nyt.com/images/2018/11/24/climate/24cli-report-2/merlin_146590158_372cbff0-acb2-4bf5-8308-f9b1c200405d-thumbStandard.jpg,../Scripts/output/nytimes/nytimes_images/nytimes_2018-11-23_60a33be5-a6fc-5a4d-aaed-7c9b56362b46_img02.jpg,,,0,,0,,1,broad_candidate
e8ac96f7-bcee-5e6d-be92-5e4a7003f543,The New York Times,2018,"""sea level rise""",Five Big Ways the United States Will Need to Adapt to Climate Change,https://www.nytimes.com/2018/11/26/climate/adaptation-us-climate-change.html,2018-11-26,,1,https://static01.nyt.com/images/2018/11/27/climate/27CLI-ADAPTATION1-print/merlin_146238873_abbff5af-f9b2-428c-8a4c-c567d03c8ff6-articleLarge.jpg,../Scripts/output/nytimes/nytimes_images/nytimes_2018-11-26_e8ac96f7-bcee-5e6d-be92-5e4a7003f543_img01.jpg,,,0,,0,,1,broad_candidate
e8ac96f7-bcee-5e6d-be92-5e4a7003f543,The New York Times,2018,"""sea level rise""",Five Big Ways the United States Will Need to Adapt to Climate Change,https://www.nytimes.com/2018/11/26/climate/adaptation-us-climate-change.html,2018-11-26,,2,https://static01.nyt.com/images/2018/11/27/climate/27CLI-ADAPTATION1-print/27CLI-ADAPTATION1-thumbStandard.jpg,../Scripts/output/nytimes/nytimes_images/nytimes_2018-11-26_e8ac96f7-bcee-5e6d-be92-5e4a7003f543_img02.jpg,,,0,,0,,1,broad_candidate
40d013eb-ee1c-5296-bdf9-27a8033c73f6,The New York Times,2018,"""sea level rise""",Trump’s ‘Energy Dominance’ Doctrine Is Undermined by Climate Change,https://www.nytimes.com/2018/11/29/climate/trump-energy-dominance.html,2018-11-29,,1,https://static01.nyt.com/images/2018/11/30/science/30cli-energy-01/merlin_142624842_b949a3c4-97ff-485d-8226-1df1b23c74a3-articleLarge.jpg,../Scripts/output/nytimes/nytimes_images/nytimes_2018-11-29_40d013eb-ee1c-5296-bdf9-27a8033c73f6_img01.jpg,,,0,,0,,1,broad_candidate
40d013eb-ee1c-5296-bdf9-27a8033c73f6,The New York Times,2018,"""sea level rise""",Trump’s ‘Energy Dominance’ Doctrine Is Undermined by Climate Change,https://www.nytimes.com/2018/11/29/climate/trump-energy-dominance.html,2018-11-29,,2,https://static01.nyt.com/images/2018/11/30/science/30cli-energy-01/30cli-energy-01-thumbStandard.jpg,../Scripts/output/nytimes/nytimes_images/nytimes_2018-11-29_40d013eb-ee1c-5296-bdf9-27a8033c73f6_img02.jpg,,,0,,0,,1,broad_candidate
75f5bb32-9e9d-5b61-bb68-6fed601d465e,The New York Times,2018,"""net zero""","Playing Host to Climate Conference, Poland Promotes Coal",https://www.nytimes.com/2018/12/04/world/europe/poland-coal-un.html,2018-12-04,,1,https://static01.nyt.com/images/2018/12/05/world/05cli-primer-print/merlin_147554175_72a34ede-b0bd-41c1-8e69-e79a28c029f8-articleLarge.jpg,../Scripts/output/nytimes/nytimes_images/nytimes_2018-12-04_75f5bb32-9e9d-5b61-bb68-6fed601d465e_img01.jpg,,,0,,0,,1,broad_candidate
75f5bb32-9e9d-5b61-bb68-6fed601d465e,The New York Times,2018,"""net zero""","Playing Host to Climate Conference, Poland Promotes Coal",https://www.nytimes.com/2018/12/04/world/europe/poland-coal-un.html,2018-12-04,,2,https://static01.nyt.com/images/2018/12/05/world/05cli-primer-print/05poland-coal-3-thumbStandard.jpg,../Scripts/output/nytimes/nytimes_images/nytimes_2018-12-04_75f5bb32-9e9d-5b61-bb68-6fed601d465e_img02.jpg,,,0,,0,,1,broad_candidate
56f60f49-9327-50dd-83db-ab7d24b3d64f,The New York Times,2018,"""sea level rise""",How to Build a Biological City,https://www.nytimes.com/2018/12/06/opinion/how-to-build-a-biological-city.html,2018-12-07,,1,https://static01.nyt.com/images/2018/12/03/opinion/03TP-DOSHI1/03TP-DOSHI1-articleLarge.jpg,../Scripts/output/nytimes/nytimes_images/nytimes_2018-12-07_56f60f49-9327-50dd-83db-ab7d24b3d64f_img01.jpg,,,0,,0,,1,broad_candidate
56f60f49-9327-50dd-83db-ab7d24b3d64f,The New York Times,2018,"""sea level rise""",How to Build a Biological City,https://www.nytimes.com/2018/12/06/opinion/how-to-build-a-biological-city.html,2018-12-07,,2,https://static01.nyt.com/images/2018/12/03/opinion/03TP-DOSHI1/03TP-DOSHI1-thumbStandard.jpg,../Scripts/output/nytimes/nytimes_images/nytimes_2018-12-07_56f60f49-9327-50dd-83db-ab7d24b3d64f_img02.jpg,,,0,,0,,1,broad_candidate
f3c00127-9276-586d-a0dc-0ca787005fd3,The New York Times,2018,"""sea level rise""","A Busy Week for Climate Scientists, and Climate Negotiators",https://www.nytimes.com/2018/12/12/climate/climate-fwd-agu-food-waste.html,2018-12-12,,2,https://static01.nyt.com/images/2018/12/14/climate/13cli-newsletter-foodwaste/13cli-newsletter-foodwaste-thumbStandard.jpg,../Scripts/output/nytimes/nytimes_images/nytimes_2018-12-12_f3c00127-9276-586d-a0dc-0ca787005fd3_img02.jpg,,,0,,0,,1,broad_candidate
ed5486a5-13d8-5f7d-a321-dcf54dbd4218,The New York Times,2018,IPCC,The Paris Accord Promised a Climate Solution. Here’s Where We Are Now.,https://www.nytimes.com/2018/12/14/climate/paris-climate-future-poland.html,2018-12-14,,1,https://static01.nyt.com/images/2018/12/14/climate/14CLI-PARIS1/merlin_147709695_8e45801c-2885-42e3-86bf-6929de4109b5-articleLarge.jpg,../Scripts/output/nytimes/nytimes_images/nytimes_2018-12-14_ed5486a5-13d8-5f7d-a321-dcf54dbd4218_img01.jpg,,,0,,0,,1,broad_candidate
ed5486a5-13d8-5f7d-a321-dcf54dbd4218,The New York Times,2018,IPCC,The Paris Accord Promised a Climate Solution. Here’s Where We Are Now.,https://www.nytimes.com/2018/12/14/climate/paris-climate-future-poland.html,2018-12-14,,2,https://static01.nyt.com/images/2018/12/14/climate/14CLI-PARIS1/14CLI-PARIS1-thumbStandard.jpg,../Scripts/output/nytimes/nytimes_images/nytimes_2018-12-14_ed5486a5-13d8-5f7d-a321-dcf54dbd4218_img02.jpg,,,0,,0,,1,broad_candidate
b7c42162-ea88-527b-bb1f-effb79c95154,The New York Times,2018,"""climate change""","James Rogers, 71, Dies; Utility Chief and Clean Energy Advocate",https://www.nytimes.com/2018/12/21/obituaries/james-rogers-dead.html,2018-12-21,,1,https://static01.nyt.com/images/2018/12/23/obituaries/23ROGERS-OBIT/merlin_96366871_33c6f7cd-fa91-4d22-8892-c9058b0f21ea-articleLarge.jpg,../Scripts/output/nytimes/nytimes_images/nytimes_2018-12-21_b7c42162-ea88-527b-bb1f-effb79c95154_img01.jpg,,,0,,0,,1,broad_candidate
b7c42162-ea88-527b-bb1f-effb79c95154,The New York Times,2018,"""climate change""","James Rogers, 71, Dies; Utility Chief and Clean Energy Advocate",https://www.nytimes.com/2018/12/21/obituaries/james-rogers-dead.html,2018-12-21,,2,https://static01.nyt.com/images/2018/12/23/obituaries/23ROGERS-OBIT/20ROGERS1-thumbStandard.jpg,../Scripts/output/nytimes/nytimes_images/nytimes_2018-12-21_b7c42162-ea88-527b-bb1f-effb79c95154_img02.jpg,,,0,,0,,1,broad_candidate
ce6b14bf-0728-5d91-a6e2-f50920ac66fa,The New York Times,2018,"""climate change""",11 of Our Best Weekend Reads,https://www.nytimes.com/2018/12/22/arts/11-of-our-best-weekend-reads.html,2018-12-22,,1,https://static01.nyt.com/images/2018/12/22/world/22weekend-reads-promo/merlin_148392753_ef528291-19de-476d-8f89-9a1be2e4c63f-articleLarge.jpg,../Scripts/output/nytimes/nytimes_images/nytimes_2018-12-22_ce6b14bf-0728-5d91-a6e2-f50920ac66fa_img01.jpg,,,0,,0,,1,broad_candidate
ce6b14bf-0728-5d91-a6e2-f50920ac66fa,The New York Times,2018,"""climate change""",11 of Our Best Weekend Reads,https://www.nytimes.com/2018/12/22/arts/11-of-our-best-weekend-reads.html,2018-12-22,,2,https://static01.nyt.com/images/2018/12/22/world/22weekend-reads-promo/merlin_148392753_ef528291-19de-476d-8f89-9a1be2e4c63f-thumbStandard.jpg,../Scripts/output/nytimes/nytimes_images/nytimes_2018-12-22_ce6b14bf-0728-5d91-a6e2-f50920ac66fa_img02.jpg,,,0,,0,,1,broad_candidate
cc4106d7-f33f-5bd3-a291-51ee87072452,The New York Times,2018,"""climate change""","John Roberts, Leader of Supreme Court’s Conservative Majority, Fights Perception That It Is Partisan",https://www.nytimes.com/2018/12/23/us/politics/chief-justice-john-roberts-supreme-court.html,2018-12-23,,1,https://static01.nyt.com/images/2018/12/05/us/politics/00dc-roberts1/00dc-roberts1-articleLarge.jpg,../Scripts/output/nytimes/nytimes_images/nytimes_2018-12-23_cc4106d7-f33f-5bd3-a291-51ee87072452_img01.jpg,,,0,,0,,1,broad_candidate
cc4106d7-f33f-5bd3-a291-51ee87072452,The New York Times,2018,"""climate change""","John Roberts, Leader of Supreme Court’s Conservative Majority, Fights Perception That It Is Partisan",https://www.nytimes.com/2018/12/23/us/politics/chief-justice-john-roberts-supreme-court.html,2018-12-23,,2,https://static01.nyt.com/images/2018/12/05/us/politics/00dc-roberts1/00dc-roberts1-thumbStandard.jpg,../Scripts/output/nytimes/nytimes_images/nytimes_2018-12-23_cc4106d7-f33f-5bd3-a291-51ee87072452_img02.jpg,,,0,,0,,1,broad_candidate
60c45729-f7bc-5e6e-9d36-56bb8982fc74,The New York Times,2018,"""climate change""",How Does Your State Make Electricity?,https://www.nytimes.com/interactive/2018/12/24/climate/how-electricity-generation-changed-in-your-state.html,2018-12-24,,1,https://static01.nyt.com/images/2018/12/23/us/how-electricity-generation-changed-in-your-state-promo-1545597148124/how-electricity-generation-changed-in-your-state-promo-1545597148124-articleLarge.png,../Scripts/output/nytimes/nytimes_images/nytimes_2018-12-24_60c45729-f7bc-5e6e-9d36-56bb8982fc74_img01.png,,,0,,0,,1,broad_candidate
60c45729-f7bc-5e6e-9d36-56bb8982fc74,The New York Times,2018,"""climate change""",How Does Your State Make Electricity?,https://www.nytimes.com/interactive/2018/12/24/climate/how-electricity-generation-changed-in-your-state.html,2018-12-24,,2,https://static01.nyt.com/images/2018/12/23/us/how-electricity-generation-changed-in-your-state-promo-1545597148124/how-electricity-generation-changed-in-your-state-promo-1545597148124-thumbStandard-v2.png,../Scripts/output/nytimes/nytimes_images/nytimes_2018-12-24_60c45729-f7bc-5e6e-9d36-56bb8982fc74_img02.png,,,0,,0,,1,broad_candidate
a870d2e8-c3d1-5c7a-8671-597e26726f9d,The New York Times,2018,"""climate change""",Praise for English Fizz Provokes Splutters in Champagne,https://www.nytimes.com/2018/12/23/world/europe/champagne-britain-uk-sparkling-wine-france.html,2018-12-24,,1,https://static01.nyt.com/images/2018/12/24/world/19English-fizz1/merlin_144314745_a990be45-311f-456c-a451-3c621c977d63-articleLarge.jpg,../Scripts/output/nytimes/nytimes_images/nytimes_2018-12-24_a870d2e8-c3d1-5c7a-8671-597e26726f9d_img01.jpg,,,0,,0,,1,broad_candidate
a870d2e8-c3d1-5c7a-8671-597e26726f9d,The New York Times,2018,"""climate change""",Praise for English Fizz Provokes Splutters in Champagne,https://www.nytimes.com/2018/12/23/world/europe/champagne-britain-uk-sparkling-wine-france.html,2018-12-24,,2,https://static01.nyt.com/images/2018/12/24/world/19English-fizz1/19English-fizz1-thumbStandard.jpg,../Scripts/output/nytimes/nytimes_images/nytimes_2018-12-24_a870d2e8-c3d1-5c7a-8671-597e26726f9d_img02.jpg,,,0,,0,,1,broad_candidate
cb9945a3-b4bc-57e1-8f72-7662609c2d2f,The New York Times,2018,"""climate change""",The Year in Sound: An Audio Time Capsule of 2018,https://www.nytimes.com/2018/12/24/podcasts/the-daily/2018-year-in-sound.html,2018-12-24,,1,https://static01.nyt.com/images/2018/12/24/podcasts/24daily-promo/24daily-promo-articleLarge-v2.jpg,../Scripts/output/nytimes/nytimes_images/nytimes_2018-12-24_cb9945a3-b4bc-57e1-8f72-7662609c2d2f_img01.jpg,,,0,,0,,1,broad_candidate
cb9945a3-b4bc-57e1-8f72-7662609c2d2f,The New York Times,2018,"""climate change""",The Year in Sound: An Audio Time Capsule of 2018,https://www.nytimes.com/2018/12/24/podcasts/the-daily/2018-year-in-sound.html,2018-12-24,,2,https://static01.nyt.com/images/2018/12/24/podcasts/24daily-promo/24daily-promo-thumbStandard-v3.jpg,../Scripts/output/nytimes/nytimes_images/nytimes_2018-12-24_cb9945a3-b4bc-57e1-8f72-7662609c2d2f_img02.jpg,,,0,,0,,1,broad_candidate
e2007de6-17b5-5fd8-8816-aad9957ec0c4,The New York Times,2018,"""climate change""",It Doesn’t Matter if Ecuador Can Afford This Dam. China Still Gets Paid.,https://www.nytimes.com/2018/12/24/world/americas/ecuador-china-dam.html,2018-12-24,,1,https://static01.nyt.com/images/2018/12/24/world/americas/24ecuador-china/Ecuador-Dam-slide-T3LI-articleLarge.jpg,../Scripts/output/nytimes/nytimes_images/nytimes_2018-12-24_e2007de6-17b5-5fd8-8816-aad9957ec0c4_img01.jpg,,,0,,0,,1,broad_candidate
e2007de6-17b5-5fd8-8816-aad9957ec0c4,The New York Times,2018,"""climate change""",It Doesn’t Matter if Ecuador Can Afford This Dam. China Still Gets Paid.,https://www.nytimes.com/2018/12/24/world/americas/ecuador-china-dam.html,2018-12-24,,2,https://static01.nyt.com/images/2018/12/24/world/americas/24ecuador-china/Ecuador-Dam-slide-T3LI-thumbStandard.jpg,../Scripts/output/nytimes/nytimes_images/nytimes_2018-12-24_e2007de6-17b5-5fd8-8816-aad9957ec0c4_img02.jpg,,,0,,0,,1,broad_candidate
f4a4806a-37f3-515a-9966-29198068e990,The New York Times,2018,"""climate change""","Ideas for Tending Our Home, Planet Earth",https://www.nytimes.com/2018/12/25/opinion/letters/planet-earth-climate.html,2018-12-25,,1,https://static01.nyt.com/images/2018/12/13/opinion/13kerry-illo/merlin_148118535_fe8d7b2b-5663-4b9e-90dd-13ccdc21b07e-articleLarge.jpg,../Scripts/output/nytimes/nytimes_images/nytimes_2018-12-25_f4a4806a-37f3-515a-9966-29198068e990_img01.jpg,,,0,,0,,1,broad_candidate
f4a4806a-37f3-515a-9966-29198068e990,The New York Times,2018,"""climate change""","Ideas for Tending Our Home, Planet Earth",https://www.nytimes.com/2018/12/25/opinion/letters/planet-earth-climate.html,2018-12-25,,2,https://static01.nyt.com/images/2018/12/13/opinion/13kerry-illo/13kerry-illo-thumbStandard.jpg,../Scripts/output/nytimes/nytimes_images/nytimes_2018-12-25_f4a4806a-37f3-515a-9966-29198068e990_img02.jpg,,,0,,0,,1,broad_candidate
1b8f0d34-d524-5114-8acf-2a0bc8bbeba6,The New York Times,2018,"""climate change""",Being There: Our Favorite Dispatches From Every Corner of the World,https://www.nytimes.com/2018/12/26/world/favorite-dispatches.html,2018-12-26,,1,https://static01.nyt.com/images/2018/09/16/world/asia/Nomadgames-slide-0A49/Nomadgames-slide-0A49-articleLarge.jpg,../Scripts/output/nytimes/nytimes_images/nytimes_2018-12-26_1b8f0d34-d524-5114-8acf-2a0bc8bbeba6_img01.jpg,,,0,,0,,1,broad_candidate
1b8f0d34-d524-5114-8acf-2a0bc8bbeba6,The New York Times,2018,"""climate change""",Being There: Our Favorite Dispatches From Every Corner of the World,https://www.nytimes.com/2018/12/26/world/favorite-dispatches.html,2018-12-26,,2,https://static01.nyt.com/images/2018/09/16/world/asia/Nomadgames-slide-0A49/Nomadgames-slide-0A49-thumbStandard.jpg,../Scripts/output/nytimes/nytimes_images/nytimes_2018-12-26_1b8f0d34-d524-5114-8acf-2a0bc8bbeba6_img02.jpg,,,0,,0,,1,broad_candidate
3fe82886-0867-5f1c-a514-5d72163b23e3,The New York Times,2018,"""climate change""",N.Y. Today: 5 of Our Best Stories of 2018,https://www.nytimes.com/2018/12/26/nyregion/newyorktoday/new-york-news-best-stories-year.html,2018-12-26,,1,https://static01.nyt.com/images/2018/12/26/nyregion/26nytoday01/merlin_136989903_5414a695-2afc-4a56-82d0-92a6cea12014-articleLarge.jpg,../Scripts/output/nytimes/nytimes_images/nytimes_2018-12-26_3fe82886-0867-5f1c-a514-5d72163b23e3_img01.jpg,,,0,,0,,1,broad_candidate
3fe82886-0867-5f1c-a514-5d72163b23e3,The New York Times,2018,"""climate change""",N.Y. Today: 5 of Our Best Stories of 2018,https://www.nytimes.com/2018/12/26/nyregion/newyorktoday/new-york-news-best-stories-year.html,2018-12-26,,2,https://static01.nyt.com/images/2018/12/26/nyregion/26nytoday01/26nytoday01-thumbStandard.jpg,../Scripts/output/nytimes/nytimes_images/nytimes_2018-12-26_3fe82886-0867-5f1c-a514-5d72163b23e3_img02.jpg,,,0,,0,,1,broad_candidate
7f8799b0-50b7-5669-8cd5-71cb51b5f66b,The New York Times,2018,"""climate change""",Fake Islands Bring a Dutch Lake Back to Life,https://www.nytimes.com/2018/12/26/world/europe/netherlands-fake-islands.html,2018-12-26,,1,https://static01.nyt.com/images/2018/12/27/world/27Dutch-dam-print/merlin_148192083_f967611b-eac9-43fa-9ba7-45b33d7a936f-articleLarge.jpg,../Scripts/output/nytimes/nytimes_images/nytimes_2018-12-26_7f8799b0-50b7-5669-8cd5-71cb51b5f66b_img01.jpg,,,0,,0,,1,broad_candidate
7f8799b0-50b7-5669-8cd5-71cb51b5f66b,The New York Times,2018,"""climate change""",Fake Islands Bring a Dutch Lake Back to Life,https://www.nytimes.com/2018/12/26/world/europe/netherlands-fake-islands.html,2018-12-26,,2,https://static01.nyt.com/images/2018/12/27/world/27Dutch-dam-print/25Dutch-dam1-thumbStandard.jpg,../Scripts/output/nytimes/nytimes_images/nytimes_2018-12-26_7f8799b0-50b7-5669-8cd5-71cb51b5f66b_img02.jpg,,,0,,0,,1,broad_candidate
d48a1c2b-5d00-541b-8c22-8ee3f13f2a55,The New York Times,2018,"""climate change""",Our Favorite Climate Stories You Might Have Missed in 2018,https://www.nytimes.com/2018/12/26/climate/climate-fwd-2018-favorites.html,2018-12-26,,1,https://static01.nyt.com/images/2018/11/21/science/00CLI-COAL3-copy/merlin_146133960_1e7f231c-c0c6-4680-8715-410d9f5d1e31-articleLarge.jpg,../Scripts/output/nytimes/nytimes_images/nytimes_2018-12-26_d48a1c2b-5d00-541b-8c22-8ee3f13f2a55_img01.jpg,,,0,,0,,1,broad_candidate
d48a1c2b-5d00-541b-8c22-8ee3f13f2a55,The New York Times,2018,"""climate change""",Our Favorite Climate Stories You Might Have Missed in 2018,https://www.nytimes.com/2018/12/26/climate/climate-fwd-2018-favorites.html,2018-12-26,,2,https://static01.nyt.com/images/2018/11/21/science/00CLI-COAL3-copy/merlin_146133960_1e7f231c-c0c6-4680-8715-410d9f5d1e31-thumbStandard.jpg,../Scripts/output/nytimes/nytimes_images/nytimes_2018-12-26_d48a1c2b-5d00-541b-8c22-8ee3f13f2a55_img02.jpg,,,0,,0,,1,broad_candidate
d4b15e8b-13df-52d4-a1fd-336186d91723,The New York Times,2018,"""climate change""",The Real-Life Effects of Trump’s Environmental Rollbacks: 5 Takeaways From Our Investigation,https://www.nytimes.com/2018/12/26/us/trump-environment-regulation-rollbacks.html,2018-12-26,,1,https://static01.nyt.com/images/2018/12/27/us/politics/27cli-takeaways/merlin_148098999_d1b7e71e-5d9e-4b63-89f4-010664d9fefd-articleLarge.jpg,../Scripts/output/nytimes/nytimes_images/nytimes_2018-12-26_d4b15e8b-13df-52d4-a1fd-336186d91723_img01.jpg,,,0,,0,,1,broad_candidate
d4b15e8b-13df-52d4-a1fd-336186d91723,The New York Times,2018,"""climate change""",The Real-Life Effects of Trump’s Environmental Rollbacks: 5 Takeaways From Our Investigation,https://www.nytimes.com/2018/12/26/us/trump-environment-regulation-rollbacks.html,2018-12-26,,2,https://static01.nyt.com/images/2018/12/27/us/politics/27cli-takeaways/27cli-takeaways-thumbStandard.jpg,../Scripts/output/nytimes/nytimes_images/nytimes_2018-12-26_d4b15e8b-13df-52d4-a1fd-336186d91723_img02.jpg,,,0,,0,,1,broad_candidate
f83919a5-c6b8-57b1-ad01-c1eb458092c1,The New York Times,2018,"""climate change""","Stocks, Migrants, Yemen: Your Wednesday Briefing",https://www.nytimes.com/2018/12/26/briefing/stocks-migrants-yemen.html,2018-12-26,,1,https://static01.nyt.com/images/2018/12/26/world/26USBriefing-amcore/26USBriefing-Yemen-articleLarge.jpg,../Scripts/output/nytimes/nytimes_images/nytimes_2018-12-26_f83919a5-c6b8-57b1-ad01-c1eb458092c1_img01.jpg,,,0,,0,,1,broad_candidate
f83919a5-c6b8-57b1-ad01-c1eb458092c1,The New York Times,2018,"""climate change""","Stocks, Migrants, Yemen: Your Wednesday Briefing",https://www.nytimes.com/2018/12/26/briefing/stocks-migrants-yemen.html,2018-12-26,,2,https://static01.nyt.com/images/2018/12/26/world/26USBriefing-amcore/26USBriefing-Yemen-thumbStandard.jpg,../Scripts/output/nytimes/nytimes_images/nytimes_2018-12-26_f83919a5-c6b8-57b1-ad01-c1eb458092c1_img02.jpg,,,0,,0,,1,broad_candidate
952c7b60-8358-57bd-aab9-96183e6ea0e5,The New York Times,2018,"""climate change""","Bad Faith, Pathos and G.O.P. Economics",https://www.nytimes.com/2018/12/27/opinion/republican-economists-bad-faith.html,2018-12-27,,1,https://static01.nyt.com/images/2018/12/27/opinion/27krugman1/merlin_148534806_ab21a6df-1cbd-403b-9ab0-59613908c6ef-articleLarge.jpg,../Scripts/output/nytimes/nytimes_images/nytimes_2018-12-27_952c7b60-8358-57bd-aab9-96183e6ea0e5_img01.jpg,,,0,,0,,1,broad_candidate
952c7b60-8358-57bd-aab9-96183e6ea0e5,The New York Times,2018,"""climate change""","Bad Faith, Pathos and G.O.P. Economics",https://www.nytimes.com/2018/12/27/opinion/republican-economists-bad-faith.html,2018-12-27,,2,https://static01.nyt.com/images/2018/12/27/opinion/27krugman1/27krugman1-thumbStandard.jpg,../Scripts/output/nytimes/nytimes_images/nytimes_2018-12-27_952c7b60-8358-57bd-aab9-96183e6ea0e5_img02.jpg,,,0,,0,,1,broad_candidate
98491b54-fbe7-5fc2-b7d3-ce434c061db9,The New York Times,2018,"""climate change""","President Trump, Ireland, Ebola: Your Thursday Briefing",https://www.nytimes.com/2018/12/26/briefing/president-trump-ireland-ebola.html,2018-12-27,,1,https://static01.nyt.com/images/2018/12/27/briefing/12272018ambriefing-euro-promo/12272018ambriefing-euro-slide-SV93-articleLarge.jpg,../Scripts/output/nytimes/nytimes_images/nytimes_2018-12-27_98491b54-fbe7-5fc2-b7d3-ce434c061db9_img01.jpg,,,0,,0,,1,broad_candidate
98491b54-fbe7-5fc2-b7d3-ce434c061db9,The New York Times,2018,"""climate change""","President Trump, Ireland, Ebola: Your Thursday Briefing",https://www.nytimes.com/2018/12/26/briefing/president-trump-ireland-ebola.html,2018-12-27,,2,https://static01.nyt.com/images/2018/12/27/briefing/12272018ambriefing-euro-promo/12272018ambriefing-euro-slide-SV93-thumbStandard.jpg,../Scripts/output/nytimes/nytimes_images/nytimes_2018-12-27_98491b54-fbe7-5fc2-b7d3-ce434c061db9_img02.jpg,,,0,,0,,1,broad_candidate
b8b5b690-4f06-50ec-8df7-8e96fbc52af6,The New York Times,2018,"""climate change""",Forget the Carbon Tax for Now,https://www.nytimes.com/2018/12/27/opinion/carbon-tax-climate-change.html,2018-12-27,,1,https://static01.nyt.com/images/2018/12/27/opinion/27Gillis/merlin_147639744_9002d4bd-def0-4842-ad67-9aa042814cb0-articleLarge.jpg,../Scripts/output/nytimes/nytimes_images/nytimes_2018-12-27_b8b5b690-4f06-50ec-8df7-8e96fbc52af6_img01.jpg,,,0,,0,,1,broad_candidate
b8b5b690-4f06-50ec-8df7-8e96fbc52af6,The New York Times,2018,"""climate change""",Forget the Carbon Tax for Now,https://www.nytimes.com/2018/12/27/opinion/carbon-tax-climate-change.html,2018-12-27,,2,https://static01.nyt.com/images/2018/12/27/opinion/27Gillis/27Gillis-thumbStandard.jpg,../Scripts/output/nytimes/nytimes_images/nytimes_2018-12-27_b8b5b690-4f06-50ec-8df7-8e96fbc52af6_img02.jpg,,,0,,0,,1,broad_candidate
dc346f35-d9ef-5cbc-a6b1-6b1f6854de0e,The New York Times,2018,"""climate change""","To Deal With Trump, Look to Voltaire",https://www.nytimes.com/2018/12/27/opinion/trump-voltaire-enlightenment.html,2018-12-27,,1,https://static01.nyt.com/images/2018/12/27/opinion/27Darnton-sub/27Darnton-sub-articleLarge.jpg,../Scripts/output/nytimes/nytimes_images/nytimes_2018-12-27_dc346f35-d9ef-5cbc-a6b1-6b1f6854de0e_img01.jpg,,,0,,0,,1,broad_candidate
dc346f35-d9ef-5cbc-a6b1-6b1f6854de0e,The New York Times,2018,"""climate change""","To Deal With Trump, Look to Voltaire",https://www.nytimes.com/2018/12/27/opinion/trump-voltaire-enlightenment.html,2018-12-27,,2,https://static01.nyt.com/images/2018/12/27/opinion/27Darnton-sub/27Darnton-sub-thumbStandard.jpg,../Scripts/output/nytimes/nytimes_images/nytimes_2018-12-27_dc346f35-d9ef-5cbc-a6b1-6b1f6854de0e_img02.jpg,,,0,,0,,1,broad_candidate
e1ec2d21-5422-5711-a99c-855ce747bbbc,The New York Times,2018,"""climate change""",Trump Imperils the Planet,https://www.nytimes.com/2018/12/26/opinion/editorials/climate-change-environment-trump.html,2018-12-27,,1,https://static01.nyt.com/images/2018/12/24/opinion/editorials/26enviro/26enviro-articleLarge.jpg,../Scripts/output/nytimes/nytimes_images/nytimes_2018-12-27_e1ec2d21-5422-5711-a99c-855ce747bbbc_img01.jpg,,,0,,0,,1,broad_candidate
e1ec2d21-5422-5711-a99c-855ce747bbbc,The New York Times,2018,"""climate change""",Trump Imperils the Planet,https://www.nytimes.com/2018/12/26/opinion/editorials/climate-change-environment-trump.html,2018-12-27,,2,https://static01.nyt.com/images/2018/12/24/opinion/editorials/26enviro/26enviro-thumbStandard.jpg,../Scripts/output/nytimes/nytimes_images/nytimes_2018-12-27_e1ec2d21-5422-5711-a99c-855ce747bbbc_img02.jpg,,,0,,0,,1,broad_candidate
3579d091-81bd-5be2-a389-7df2aa4ff176,The New York Times,2018,"""climate change""",18 Memorable People We Met Across the Country in 2018,https://www.nytimes.com/2018/12/28/us/18-memorable-people-in-2018.html,2018-12-28,,1,https://static01.nyt.com/images/2018/12/26/us/memorable-topALT/memorable-topALT-articleLarge.jpg,../Scripts/output/nytimes/nytimes_images/nytimes_2018-12-28_3579d091-81bd-5be2-a389-7df2aa4ff176_img01.jpg,,,0,,0,,1,broad_candidate
3579d091-81bd-5be2-a389-7df2aa4ff176,The New York Times,2018,"""climate change""",18 Memorable People We Met Across the Country in 2018,https://www.nytimes.com/2018/12/28/us/18-memorable-people-in-2018.html,2018-12-28,,2,https://static01.nyt.com/images/2018/12/26/us/memorable-topALT/memorable-topALT-thumbStandard.jpg,../Scripts/output/nytimes/nytimes_images/nytimes_2018-12-28_3579d091-81bd-5be2-a389-7df2aa4ff176_img02.jpg,,,0,,0,,1,broad_candidate
3ab154d4-39ef-5a64-91f3-e4700c4f4ded,The New York Times,2018,"""climate change""",Why Electric Vehicles Are Gathering Speed in Latin America,https://www.nytimes.com/2018/12/28/opinion/electric-vehicles-latin-america.html,2018-12-28,,1,https://static01.nyt.com/images/2018/12/27/opinion/28viscidi-edwards/merlin_148528854_58c6e24c-7c89-48aa-914a-9561607f4a4e-articleLarge.jpg,../Scripts/output/nytimes/nytimes_images/nytimes_2018-12-28_3ab154d4-39ef-5a64-91f3-e4700c4f4ded_img01.jpg,,,0,,0,,1,broad_candidate
3ab154d4-39ef-5a64-91f3-e4700c4f4ded,The New York Times,2018,"""climate change""",Why Electric Vehicles Are Gathering Speed in Latin America,https://www.nytimes.com/2018/12/28/opinion/electric-vehicles-latin-america.html,2018-12-28,,2,https://static01.nyt.com/images/2018/12/27/opinion/28viscidi-edwards/28viscidi-edwards-thumbStandard.jpg,../Scripts/output/nytimes/nytimes_images/nytimes_2018-12-28_3ab154d4-39ef-5a64-91f3-e4700c4f4ded_img02.jpg,,,0,,0,,1,broad_candidate
81c3a5ca-8223-5af8-97ea-93ee89e0399f,The New York Times,2018,"""climate change""","Germany, Facebook, Saudi Arabia: Your Friday Briefing",https://www.nytimes.com/2018/12/27/briefing/germany-facebook-saudi-arabia.html,2018-12-28,,1,https://static01.nyt.com/images/2018/12/28/briefing/12282018ambriefing-euro-promo/12282018ambriefing-euro-slide-DQ6W-articleLarge.jpg,../Scripts/output/nytimes/nytimes_images/nytimes_2018-12-28_81c3a5ca-8223-5af8-97ea-93ee89e0399f_img01.jpg,,,0,,0,,1,broad_candidate
81c3a5ca-8223-5af8-97ea-93ee89e0399f,The New York Times,2018,"""climate change""","Germany, Facebook, Saudi Arabia: Your Friday Briefing",https://www.nytimes.com/2018/12/27/briefing/germany-facebook-saudi-arabia.html,2018-12-28,,2,https://static01.nyt.com/images/2018/12/28/briefing/12282018ambriefing-euro-promo/12282018ambriefing-euro-promo-thumbStandard.jpg,../Scripts/output/nytimes/nytimes_images/nytimes_2018-12-28_81c3a5ca-8223-5af8-97ea-93ee89e0399f_img02.jpg,,,0,,0,,1,broad_candidate
30883a51-bb76-5e2b-89a6-e8b21d779023,The New York Times,2018,"""climate change""",More Republicans Than You Think Support Action on Climate Change,https://www.nytimes.com/2018/12/29/opinion/sunday/republicans-climate-change-polls.html,2018-12-29,,1,https://static01.nyt.com/images/2018/12/30/opinion/sunday/30Hochschild-web/merlin_148551117_59d9db6c-808b-4924-9ab4-4f1515eda25d-articleLarge.jpg,../Scripts/output/nytimes/nytimes_images/nytimes_2018-12-29_30883a51-bb76-5e2b-89a6-e8b21d779023_img01.jpg,,,0,,0,,1,broad_candidate
30883a51-bb76-5e2b-89a6-e8b21d779023,The New York Times,2018,"""climate change""",More Republicans Than You Think Support Action on Climate Change,https://www.nytimes.com/2018/12/29/opinion/sunday/republicans-climate-change-polls.html,2018-12-29,,2,https://static01.nyt.com/images/2018/12/30/opinion/sunday/30Hochschild-web/30Hochschild-web-thumbStandard.jpg,../Scripts/output/nytimes/nytimes_images/nytimes_2018-12-29_30883a51-bb76-5e2b-89a6-e8b21d779023_img02.jpg,,,0,,0,,1,broad_candidate
42e8d373-6849-559e-b42f-0ce36c1d7f62,The New York Times,2018,"""climate change""",‘You Control Nothing’: House Republicans Brace for Life in the Minority,https://www.nytimes.com/2018/12/29/us/politics/house-republicans-minority.html,2018-12-29,,1,https://static01.nyt.com/images/2018/12/30/us/politics/30dc-hulse-print/merlin_148555578_77e638eb-1e24-4611-a4d9-6c1b487cb2eb-articleLarge.jpg,../Scripts/output/nytimes/nytimes_images/nytimes_2018-12-29_42e8d373-6849-559e-b42f-0ce36c1d7f62_img01.jpg,,,0,,0,,1,broad_candidate
42e8d373-6849-559e-b42f-0ce36c1d7f62,The New York Times,2018,"""climate change""",‘You Control Nothing’: House Republicans Brace for Life in the Minority,https://www.nytimes.com/2018/12/29/us/politics/house-republicans-minority.html,2018-12-29,,2,https://static01.nyt.com/images/2018/12/30/us/politics/30dc-hulse-print/30dc-hulse-thumbStandard.jpg,../Scripts/output/nytimes/nytimes_images/nytimes_2018-12-29_42e8d373-6849-559e-b42f-0ce36c1d7f62_img02.jpg,,,0,,0,,1,broad_candidate
aeede562-e938-53a8-84f3-5244f3a762dc,The New York Times,2018,"""climate change""","Going Nowhere Fast on Climate, Year After Year",https://www.nytimes.com/2018/12/29/opinion/climate-change-global-warming-history.html,2018-12-29,,1,https://static01.nyt.com/images/2018/12/29/opinion/29bledsoe1/merlin_143382513_ba29bb85-de02-43f1-bd4b-696605707504-articleLarge.jpg,../Scripts/output/nytimes/nytimes_images/nytimes_2018-12-29_aeede562-e938-53a8-84f3-5244f3a762dc_img01.jpg,,,0,,0,,1,broad_candidate
aeede562-e938-53a8-84f3-5244f3a762dc,The New York Times,2018,"""climate change""","Going Nowhere Fast on Climate, Year After Year",https://www.nytimes.com/2018/12/29/opinion/climate-change-global-warming-history.html,2018-12-29,,2,https://static01.nyt.com/images/2018/12/29/opinion/29bledsoe1/merlin_143382513_ba29bb85-de02-43f1-bd4b-696605707504-thumbStandard.jpg,../Scripts/output/nytimes/nytimes_images/nytimes_2018-12-29_aeede562-e938-53a8-84f3-5244f3a762dc_img02.jpg,,,0,,0,,1,broad_candidate
50475a03-2c01-5079-844e-c87ba6bd5cc5,The New York Times,2018,"""climate change""",The Story of 2018 Was Climate Change,https://www.nytimes.com/2018/12/30/opinion/climate-change-weather-2018.html,2018-12-31,,1,https://static01.nyt.com/images/2018/12/30/opinion/30leonhardt1/merlin_145313340_2f3a5505-eec7-4450-b3aa-99d3e16b5c2a-articleLarge.jpg,../Scripts/output/nytimes/nytimes_images/nytimes_2018-12-31_50475a03-2c01-5079-844e-c87ba6bd5cc5_img01.jpg,,,0,,0,,1,broad_candidate
50475a03-2c01-5079-844e-c87ba6bd5cc5,The New York Times,2018,"""climate change""",The Story of 2018 Was Climate Change,https://www.nytimes.com/2018/12/30/opinion/climate-change-weather-2018.html,2018-12-31,,2,https://static01.nyt.com/images/2018/12/30/opinion/30leonhardt1/30leonhardt1-thumbStandard.jpg,../Scripts/output/nytimes/nytimes_images/nytimes_2018-12-31_50475a03-2c01-5079-844e-c87ba6bd5cc5_img02.jpg,,,0,,0,,1,broad_candidate
8dbe811f-0a74-52e8-a08b-4f1d379729a8,The New York Times,2018,"""climate change""",The Most Important Story of 2018,https://www.nytimes.com/2018/12/31/opinion/climate-change-weather-2018.html,2018-12-31,,1,https://static01.nyt.com/images/2018/12/31/opinion/31leonhardt-newsletter/merlin_148303617_a84ce22f-fda6-4592-9f66-005c1d6d24e3-articleLarge.jpg,../Scripts/output/nytimes/nytimes_images/nytimes_2018-12-31_8dbe811f-0a74-52e8-a08b-4f1d379729a8_img01.jpg,,,0,,0,,1,broad_candidate
8dbe811f-0a74-52e8-a08b-4f1d379729a8,The New York Times,2018,"""climate change""",The Most Important Story of 2018,https://www.nytimes.com/2018/12/31/opinion/climate-change-weather-2018.html,2018-12-31,,2,https://static01.nyt.com/images/2018/12/31/opinion/31leonhardt-newsletter/31leonhardt-newsletter-thumbStandard.jpg,../Scripts/output/nytimes/nytimes_images/nytimes_2018-12-31_8dbe811f-0a74-52e8-a08b-4f1d379729a8_img02.jpg,,,0,,0,,1,broad_candidate
9146faf4-47c2-5829-8cc6-397524ae0b26,The New York Times,2018,"""climate change""",Hope for a Green New Year,https://www.nytimes.com/2018/12/31/opinion/green-new-deal-democrats.html,2018-12-31,,1,https://static01.nyt.com/images/2019/01/01/opinion/01krugmanWeb/01krugmanWeb-articleLarge.jpg,../Scripts/output/nytimes/nytimes_images/nytimes_2018-12-31_9146faf4-47c2-5829-8cc6-397524ae0b26_img01.jpg,,,0,,0,,1,broad_candidate
9146faf4-47c2-5829-8cc6-397524ae0b26,The New York Times,2018,"""climate change""",Hope for a Green New Year,https://www.nytimes.com/2018/12/31/opinion/green-new-deal-democrats.html,2018-12-31,,2,https://static01.nyt.com/images/2019/01/01/opinion/01krugmanWeb/01krugmanWeb-thumbStandard.jpg,../Scripts/output/nytimes/nytimes_images/nytimes_2018-12-31_9146faf4-47c2-5829-8cc6-397524ae0b26_img02.jpg,,,0,,0,,1,broad_candidate
cf76d093-4937-5dda-93b3-45c61439f8fe,The New York Times,2018,"""climate change""",2020 Candidates Are Lining Up. Which Democrat Matches the Moment?,https://www.nytimes.com/2018/12/31/us/politics/2020-democratic-candidates.html,2018-12-31,,1,https://static01.nyt.com/images/2019/01/01/us/politics/012020-analysis1-promo/012020-analysis1-promo-articleLarge-v2.jpg,../Scripts/output/nytimes/nytimes_images/nytimes_2018-12-31_cf76d093-4937-5dda-93b3-45c61439f8fe_img01.jpg,,,0,,0,,1,broad_candidate
cf76d093-4937-5dda-93b3-45c61439f8fe,The New York Times,2018,"""climate change""",2020 Candidates Are Lining Up. Which Democrat Matches the Moment?,https://www.nytimes.com/2018/12/31/us/politics/2020-democratic-candidates.html,2018-12-31,,2,https://static01.nyt.com/images/2019/01/01/us/politics/012020-analysis1-promo/012020-analysis1-promo-thumbStandard-v2.jpg,../Scripts/output/nytimes/nytimes_images/nytimes_2018-12-31_cf76d093-4937-5dda-93b3-45c61439f8fe_img02.jpg,,,0,,0,,1,broad_candidate
526031d1-eee8-5d78-8be5-8d1c0b1f9ef7,The New York Times,2018,"""sea level rise""","Climate Week, and Telling Stories With Photos",https://www.nytimes.com/2018/09/26/climate/climate-week-and-photo-stories.html,2018-09-26,,2,https://static01.nyt.com/images/2018/09/26/climate/26cli-newsletter-cliweek/26cli-newsletter-cliweek-thumbStandard.jpg,../Scripts/output/nytimes/nytimes_images/nytimes_2018-09-26_526031d1-eee8-5d78-8be5-8d1c0b1f9ef7_img02.jpg,,,0,,1,photo,1,broad_candidate
825d6957-ae47-5f88-9d2d-30cb8596afca,The New York Times,2018,"""sea level rise""","As Storms Keep Coming, FEMA Spends Billions in ‘Cycle’ of Damage and Repair",https://www.nytimes.com/2018/10/08/us/fema-disaster-recovery-climate-change.html,2018-10-08,,1,https://static01.nyt.com/images/2018/10/04/us/00FEMA8/00FEMA8-articleLarge.jpg,../Scripts/output/nytimes/nytimes_images/nytimes_2018-10-08_825d6957-ae47-5f88-9d2d-30cb8596afca_img01.jpg,,,0,,1,epa,1,broad_candidate
825d6957-ae47-5f88-9d2d-30cb8596afca,The New York Times,2018,"""sea level rise""","As Storms Keep Coming, FEMA Spends Billions in ‘Cycle’ of Damage and Repair",https://www.nytimes.com/2018/10/08/us/fema-disaster-recovery-climate-change.html,2018-10-08,,2,https://static01.nyt.com/images/2018/10/04/us/00FEMA8/00FEMA8-thumbStandard-v2.jpg,../Scripts/output/nytimes/nytimes_images/nytimes_2018-10-08_825d6957-ae47-5f88-9d2d-30cb8596afca_img02.jpg,,,0,,1,epa,1,broad_candidate
1405522b-357f-5649-924a-aac23ed25d9e,The New York Times,2018,"""sea level rise""","The Hurricanes, and Climate-Change Questions, Keep Coming. Yes, They’re Linked.",https://www.nytimes.com/2018/10/10/climate/hurricane-michael-climate-change.html,2018-10-10,,1,https://static01.nyt.com/images/2018/10/11/us/11michael-video3/11michael-video3-articleLarge.jpg,../Scripts/output/nytimes/nytimes_images/nytimes_2018-10-10_1405522b-357f-5649-924a-aac23ed25d9e_img01.jpg,,,0,,1,video,1,broad_candidate
1405522b-357f-5649-924a-aac23ed25d9e,The New York Times,2018,"""sea level rise""","The Hurricanes, and Climate-Change Questions, Keep Coming. Yes, They’re Linked.",https://www.nytimes.com/2018/10/10/climate/hurricane-michael-climate-change.html,2018-10-10,,2,https://static01.nyt.com/images/2018/10/11/us/11michael-video3/11michael-video3-thumbStandard.jpg,../Scripts/output/nytimes/nytimes_images/nytimes_2018-10-10_1405522b-357f-5649-924a-aac23ed25d9e_img02.jpg,,,0,,1,video,1,broad_candidate
148f21c6-c4d5-5d74-be52-00efb3d9ac08,The New York Times,2018,"""net zero""",Palm Oil Was Supposed to Help Save the Planet. Instead It Unleashed a Catastrophe.,https://www.nytimes.com/2018/11/20/magazine/palm-oil-borneo-climate-catastrophe.html,2018-11-20,,1,https://static01.nyt.com/images/2018/11/25/magazine/25mag-palmoil-slideshow-slide-Z031/25mag-palmoil-slideshow-slide-Z031-articleLarge.png,../Scripts/output/nytimes/nytimes_images/nytimes_2018-11-20_148f21c6-c4d5-5d74-be52-00efb3d9ac08_img01.png,,,0,,1,slideshow,1,broad_candidate
148f21c6-c4d5-5d74-be52-00efb3d9ac08,The New York Times,2018,"""net zero""",Palm Oil Was Supposed to Help Save the Planet. Instead It Unleashed a Catastrophe.,https://www.nytimes.com/2018/11/20/magazine/palm-oil-borneo-climate-catastrophe.html,2018-11-20,,2,https://static01.nyt.com/images/2018/11/25/magazine/25mag-palmoil-slideshow-slide-Z031/25mag-palmoil-slideshow-slide-Z031-thumbStandard.png,../Scripts/output/nytimes/nytimes_images/nytimes_2018-11-20_148f21c6-c4d5-5d74-be52-00efb3d9ac08_img02.png,,,0,,1,slideshow,1,broad_candidate
287ff768-218c-553e-9d05-05cdd32b8468,The New York Times,2018,"""sea level rise""",Cities Prepare to Face New Disasters,https://www.nytimes.com/2018/12/13/us/cities-prepare-to-face-new-disasters.html,2018-12-13,,1,https://static01.nyt.com/images/2018/12/13/autossell/13city-resilience2/13city-resilence2-articleLarge.jpg,../Scripts/output/nytimes/nytimes_images/nytimes_2018-12-13_287ff768-218c-553e-9d05-05cdd32b8468_img01.jpg,,,0,,1,epa,1,broad_candidate
287ff768-218c-553e-9d05-05cdd32b8468,The New York Times,2018,"""sea level rise""",Cities Prepare to Face New Disasters,https://www.nytimes.com/2018/12/13/us/cities-prepare-to-face-new-disasters.html,2018-12-13,,2,https://static01.nyt.com/images/2018/12/13/autossell/13city-resilience2/13city-resilence2-thumbStandard.jpg,../Scripts/output/nytimes/nytimes_images/nytimes_2018-12-13_287ff768-218c-553e-9d05-05cdd32b8468_img02.jpg,,,0,,1,epa,1,broad_candidate
