article_id,newspaper,year_window,search_term,article_title,article_url,published_date,updated_date,image_index,image_url,local_image_path,caption,credit
1172c79f-dbb6-52bd-84ce-9d640c758566,The New York Times,2015,"""global temperature""",A Pipeline and a Pie in the Sky,https://www.nytimes.com/2015/01/09/opinion/a-pipeline-and-a-pie-in-the-sky.html,2015-01-09,,1,https://static01.nyt.com/images/2014/11/01/opinion/egan-circular/egan-circular-thumbStandard-v2.png,,,
23814194-cc9c-5d2f-b8d6-cab4f2fc6230,The New York Times,2015,"""global temperature""","2014 Breaks Heat Record, Challenging Global Warming Skeptics",https://www.nytimes.com/2015/01/17/science/earth/2014-was-hottest-year-on-record-surpassing-2010.html,2015-01-16,,1,https://static01.nyt.com/images/2015/01/17/science/earth/hottest-year-1421414846265/hottest-year-1421414846265-articleLarge-v2.png,,,
23814194-cc9c-5d2f-b8d6-cab4f2fc6230,The New York Times,2015,"""global temperature""","2014 Breaks Heat Record, Challenging Global Warming Skeptics",https://www.nytimes.com/2015/01/17/science/earth/2014-was-hottest-year-on-record-surpassing-2010.html,2015-01-16,,2,https://static01.nyt.com/images/2015/01/17/science/earth/hottest-year-1421414846265/hottest-year-1421414846265-thumbStandard-v2.png,,,
38f5b340-da76-518e-aa31-14bea86a8c36,The New York Times,2015,"""global temperature""","A Closer Look at the Global Warming Trend, Record Hot 2014 and What’s Ahead",https://dotearth.blogs.nytimes.com/2015/01/16/a-closer-look-at-the-global-warming-trend-record-hot-2014-and-whats-ahead/,2015-01-16,,1,https://static01.nyt.com/images/2015/01/16/blogs/dotwarmgiss/dotwarmgiss-articleLarge.jpg,,,
38f5b340-da76-518e-aa31-14bea86a8c36,The New York Times,2015,"""global temperature""","A Closer Look at the Global Warming Trend, Record Hot 2014 and What’s Ahead",https://dotearth.blogs.nytimes.com/2015/01/16/a-closer-look-at-the-global-warming-trend-record-hot-2014-and-whats-ahead/,2015-01-16,,2,https://static01.nyt.com/images/2015/01/16/blogs/dotwarmgiss/dotwarmgiss-thumbStandard.jpg,,,
db1800d6-42c5-58c2-b301-368ee01871cc,The New York Times,2015,"""net zero""",At Home in the Out-Back,https://www.nytimes.com/2015/01/22/garden/sustainable-living-in-moms-backyard.html,2015-01-21,,1,https://static01.nyt.com/images/2015/01/22/garden/20150122-LOCATION-slide-KTCS/20150122-LOCATION-slide-KTCS-articleLarge.jpg,,,
db1800d6-42c5-58c2-b301-368ee01871cc,The New York Times,2015,"""net zero""",At Home in the Out-Back,https://www.nytimes.com/2015/01/22/garden/sustainable-living-in-moms-backyard.html,2015-01-21,,2,https://static01.nyt.com/images/2015/01/22/garden/20150122-LOCATION-slide-KTCS/20150122-LOCATION-slide-KTCS-thumbStandard.jpg,,,
f91bdd97-9a38-5464-85b4-4da132e2feac,The New York Times,2015,"""global temperature""",How ‘Warmest Ever’ Headlines and Debates Can Obscure What Matters About Climate Change,https://dotearth.blogs.nytimes.com/2015/01/21/how-warmest-ever-headlines-and-debates-can-obscure-what-matters-about-climate-change/,2015-01-21,,1,https://static01.nyt.com/images/2015/01/20/blogs/warmestimates/warmestimates-articleLarge.jpg,,,
f91bdd97-9a38-5464-85b4-4da132e2feac,The New York Times,2015,"""global temperature""",How ‘Warmest Ever’ Headlines and Debates Can Obscure What Matters About Climate Change,https://dotearth.blogs.nytimes.com/2015/01/21/how-warmest-ever-headlines-and-debates-can-obscure-what-matters-about-climate-change/,2015-01-21,,2,https://static01.nyt.com/images/2015/01/20/blogs/warmestimates/warmestimates-thumbStandard.jpg,,,
99b5acaf-fc65-560a-9545-2f791a34862a,The New York Times,2015,"""global temperature""",Climate and Our Future,https://www.nytimes.com/2015/01/25/opinion/sunday/climate-and-our-future.html,2015-01-24,,1,https://static01.nyt.com/images/2015/01/25/sunday-review/25LETTERS/25LETTERS-articleLarge.jpg,,,
99b5acaf-fc65-560a-9545-2f791a34862a,The New York Times,2015,"""global temperature""",Climate and Our Future,https://www.nytimes.com/2015/01/25/opinion/sunday/climate-and-our-future.html,2015-01-24,,2,https://static01.nyt.com/images/2015/01/25/sunday-review/25LETTERS/25LETTERS-thumbStandard.jpg,,,
419d029b-4f58-531b-957c-fb9492fe10bd,The New York Times,2015,IPCC,On Rajendra Pachauri’s Resignation from the U.N. Climate Panel,https://dotearth.blogs.nytimes.com/2015/02/24/on-rajendra-pachauris-resignation-from-the-u-n-climate-panel/,2015-02-24,,1,https://static01.nyt.com/images/2011/09/26/world/asia/26-RKP1-IndiaInk/26-RKP1-IndiaInk-articleLarge.jpg,,,
419d029b-4f58-531b-957c-fb9492fe10bd,The New York Times,2015,IPCC,On Rajendra Pachauri’s Resignation from the U.N. Climate Panel,https://dotearth.blogs.nytimes.com/2015/02/24/on-rajendra-pachauris-resignation-from-the-u-n-climate-panel/,2015-02-24,,2,https://static01.nyt.com/images/2011/09/26/world/asia/26-RKP1-IndiaInk/26-RKP1-IndiaInk-thumbStandard.jpg,,,
ec33160b-839c-582c-a84b-ee245a0ce734,The New York Times,2015,IPCC,U.N. Climate Panel Chief Quits Amid Harassment Case,https://www.nytimes.com/2015/02/25/science/earth/head-of-un-climate-panel-resigns-amid-harassment-accusations.html,2015-02-24,,1,https://static01.nyt.com/images/2015/02/25/world/25Pachauri-web/25Pachauri-web-articleLarge.jpg,,,
ec33160b-839c-582c-a84b-ee245a0ce734,The New York Times,2015,IPCC,U.N. Climate Panel Chief Quits Amid Harassment Case,https://www.nytimes.com/2015/02/25/science/earth/head-of-un-climate-panel-resigns-amid-harassment-accusations.html,2015-02-24,,2,https://static01.nyt.com/images/2015/02/25/world/25Pachauri-web/25Pachauri-web-thumbStandard.jpg,,,
e5a3e948-8612-5622-8479-ecd4b11e041e,The New York Times,2015,"""sea level rise""",CNN’s Bill Weir Explores the World’s Threatened Wonders,https://dotearth.blogs.nytimes.com/2015/02/27/cnns-bill-weir-explores-the-worlds-threatened-wonders/,2015-02-27,,1,https://static01.nyt.com/images/2015/02/26/blogs/dotweirvanu/dotweirvanu-articleLarge.jpg,,,
e5a3e948-8612-5622-8479-ecd4b11e041e,The New York Times,2015,"""sea level rise""",CNN’s Bill Weir Explores the World’s Threatened Wonders,https://dotearth.blogs.nytimes.com/2015/02/27/cnns-bill-weir-explores-the-worlds-threatened-wonders/,2015-02-27,,2,https://static01.nyt.com/images/2015/02/26/blogs/dotweirvanu/dotweirvanu-thumbStandard.jpg,,,
26f57f6f-66ba-566a-be64-eda2d0de1bed,The New York Times,2015,"""sea level rise""","Robert G. Dean, Whose Theories on Sand Saved Beaches, Dies at 84",https://www.nytimes.com/2015/03/06/us/robert-g-dean-restorer-of-beaches-dies-at-84.html,2015-03-06,,1,https://static01.nyt.com/images/2015/03/06/us/06dean-obit/06dean-obit-articleLarge.jpg,,,
26f57f6f-66ba-566a-be64-eda2d0de1bed,The New York Times,2015,"""sea level rise""","Robert G. Dean, Whose Theories on Sand Saved Beaches, Dies at 84",https://www.nytimes.com/2015/03/06/us/robert-g-dean-restorer-of-beaches-dies-at-84.html,2015-03-06,,2,https://static01.nyt.com/images/2015/03/06/us/06dean-obit/06dean-obit-thumbStandard-v2.jpg,,,
0fd376dd-0019-583d-b088-12fb0832777a,The New York Times,2015,"""net zero""",The Passive House in New York,https://www.nytimes.com/2015/03/29/realestate/the-passive-house-in-new-york-city.html,2015-03-27,,1,https://static01.nyt.com/images/2015/03/29/realestate/29COV2/29COV2-articleLarge.jpg,,,
0fd376dd-0019-583d-b088-12fb0832777a,The New York Times,2015,"""net zero""",The Passive House in New York,https://www.nytimes.com/2015/03/29/realestate/the-passive-house-in-new-york-city.html,2015-03-27,,2,https://static01.nyt.com/images/2015/03/29/realestate/29COV2/29COV2-thumbStandard.jpg,,,
65f2ad52-fac1-5be7-bc56-1e2d788227c1,The New York Times,2015,"""sea level rise""",Preparing for Tomorrow’s Storms,https://www.nytimes.com/2015/03/29/opinion/sunday/preparing-for-tomorrows-storms.html,2015-03-28,,1,https://static01.nyt.com/images/2015/03/28/opinion/29sun3WEB/29sun3WEB-articleLarge.jpg,,,
65f2ad52-fac1-5be7-bc56-1e2d788227c1,The New York Times,2015,"""sea level rise""",Preparing for Tomorrow’s Storms,https://www.nytimes.com/2015/03/29/opinion/sunday/preparing-for-tomorrows-storms.html,2015-03-28,,2,https://static01.nyt.com/images/2015/03/28/opinion/29sun3WEB/29sun3WEB-thumbStandard.jpg,,,
1033f754-a89d-5fbd-adee-2c95aec59c2a,The New York Times,2015,"""net zero""",No-Fuss Hamptons Living,https://www.nytimes.com/2015/05/03/realestate/no-fuss-hamptons-living.html,2015-05-01,,1,https://static01.nyt.com/images/2015/05/03/realestate/03COV1/03COV1-articleLarge.jpg,,,
1033f754-a89d-5fbd-adee-2c95aec59c2a,The New York Times,2015,"""net zero""",No-Fuss Hamptons Living,https://www.nytimes.com/2015/05/03/realestate/no-fuss-hamptons-living.html,2015-05-01,,2,https://static01.nyt.com/images/2015/05/03/realestate/03COV1/03COV1-thumbStandard.jpg,,,
20d32ac6-d901-5e11-9967-fe6ff07d047e,The New York Times,2015,"""sea level rise""","This Summer, Brooklyn Bazaar Heads to the Bathhouse at Jacob Riis Park",https://www.nytimes.com/2015/05/13/nyregion/this-summer-a-brooklyn-bazaar-heads-to-the-bathhouse-at-jacob-riis-park.html,2015-05-13,,1,https://static01.nyt.com/images/2015/05/13/nyregion/11RIIS01/11RIIS01-articleLarge.jpg,,,
20d32ac6-d901-5e11-9967-fe6ff07d047e,The New York Times,2015,"""sea level rise""","This Summer, Brooklyn Bazaar Heads to the Bathhouse at Jacob Riis Park",https://www.nytimes.com/2015/05/13/nyregion/this-summer-a-brooklyn-bazaar-heads-to-the-bathhouse-at-jacob-riis-park.html,2015-05-13,,2,https://static01.nyt.com/images/2015/05/13/nyregion/11RIIS01/11RIIS01-thumbStandard.jpg,,,
f42ef271-efee-5ace-bfb0-d0ab25eab089,The New York Times,2015,"""global temperature""",Shell’s Record Adds to the Anger of Those Opposing Arctic Drilling,https://www.nytimes.com/2015/05/13/us/shells-record-adds-to-the-anger-of-those-opposing-arctic-drilling.html,2015-05-13,,1,https://static01.nyt.com/images/2015/05/13/us/13SHELL/13SHELL-articleLarge.jpg,,,
f42ef271-efee-5ace-bfb0-d0ab25eab089,The New York Times,2015,"""global temperature""",Shell’s Record Adds to the Anger of Those Opposing Arctic Drilling,https://www.nytimes.com/2015/05/13/us/shells-record-adds-to-the-anger-of-those-opposing-arctic-drilling.html,2015-05-13,,2,https://static01.nyt.com/images/2015/05/13/us/13SHELL/13SHELL-thumbStandard.jpg,,,
f3d18600-3efd-56a0-8bd3-7bd4e1daf2f8,The New York Times,2015,"""sea level rise""",Red-Tailed Hawk Is Winning White House Turf Battle,https://www.nytimes.com/2015/06/02/us/red-tailed-hawk-is-winning-white-house-turf-battle.html,2015-06-01,,1,https://static01.nyt.com/images/2015/06/02/us/02HAWKWEB/02HAWKWEB-articleLarge.jpg,,,
f3d18600-3efd-56a0-8bd3-7bd4e1daf2f8,The New York Times,2015,"""sea level rise""",Red-Tailed Hawk Is Winning White House Turf Battle,https://www.nytimes.com/2015/06/02/us/red-tailed-hawk-is-winning-white-house-turf-battle.html,2015-06-01,,2,https://static01.nyt.com/images/2015/06/02/us/02HAWKWEB/02HAWKWEB-thumbStandard.jpg,,,
89936e20-4368-5c5f-8363-8de36fd444b5,The New York Times,2015,"""global temperature""",Global Warming ‘Hiatus’ Challenged by NOAA Research,https://www.nytimes.com/2015/06/05/science/noaa-research-presents-evidence-against-a-global-warming-hiatus.html,2015-06-04,,1,https://static01.nyt.com/images/2015/06/05/science/05HIATUS/05HIATUS-articleLarge.jpg,,,
89936e20-4368-5c5f-8363-8de36fd444b5,The New York Times,2015,"""global temperature""",Global Warming ‘Hiatus’ Challenged by NOAA Research,https://www.nytimes.com/2015/06/05/science/noaa-research-presents-evidence-against-a-global-warming-hiatus.html,2015-06-04,,2,https://static01.nyt.com/images/2015/06/05/science/05HIATUS/05HIATUS-thumbStandard.jpg,,,
c1ba9bb5-ce08-5038-826c-b9d75cbe8ab0,The New York Times,2015,"""net zero""",World’s Tallest Passive House Breaks Ground on Roosevelt Island,https://www.nytimes.com/2015/06/14/realestate/worlds-tallest-passive-house-breaks-ground-on-roosevelt-island.html,2015-06-12,,1,https://static01.nyt.com/images/2015/06/14/realestate/14CORNELL2/14CORNELL2-articleLarge.jpg,,,
c1ba9bb5-ce08-5038-826c-b9d75cbe8ab0,The New York Times,2015,"""net zero""",World’s Tallest Passive House Breaks Ground on Roosevelt Island,https://www.nytimes.com/2015/06/14/realestate/worlds-tallest-passive-house-breaks-ground-on-roosevelt-island.html,2015-06-12,,2,https://static01.nyt.com/images/2015/06/14/realestate/14CORNELL2/14CORNELL2-thumbStandard.jpg,,,
a6f9b984-0a1a-530f-bacd-8bc05646b151,The New York Times,2015,"""sea level rise""","Themes of the Pope’s Encyclical on Climate, Equity and the Environment Emerge in Italian Leak",https://dotearth.blogs.nytimes.com/2015/06/15/themes-of-the-popes-encyclical-on-climate-equity-and-the-environment-emerge-in-italian-leak/,2015-06-15,,1,https://static01.nyt.com/images/2015/06/15/blogs/dotlespresso/dotlespresso-thumbStandard.jpg,,,
e1362734-0673-5529-a4f1-1cb121fee805,The New York Times,2015,"""sea level rise""",Review: ‘The Last Beach’ and ‘The Narrow Edge’ Share Tales of Harm and Hope Along Our Coasts,https://www.nytimes.com/2015/06/16/science/review-the-last-beach-the-narrow-edge.html,2015-06-15,,1,https://static01.nyt.com/images/2015/06/16/science/16SCIBOOK1/16SCIBOOK1-articleLarge-v3.jpg,,,
e1362734-0673-5529-a4f1-1cb121fee805,The New York Times,2015,"""sea level rise""",Review: ‘The Last Beach’ and ‘The Narrow Edge’ Share Tales of Harm and Hope Along Our Coasts,https://www.nytimes.com/2015/06/16/science/review-the-last-beach-the-narrow-edge.html,2015-06-15,,2,https://static01.nyt.com/images/2015/06/16/science/16SCIBOOK1/16SCIBOOK1-thumbStandard-v3.jpg,,,
ad9faf37-ecde-56d8-b397-23fbe605e853,The New York Times,2015,"""net zero""",G.M. and Nissan Reusing Old Electric Car Batteries,https://www.nytimes.com/2015/06/17/business/gm-and-nissan-reusing-old-electric-car-batteries.html,2015-06-17,,1,https://static01.nyt.com/images/2015/06/17/business/17BATTERY/17BATTERY-articleLarge.jpg,,,
ad9faf37-ecde-56d8-b397-23fbe605e853,The New York Times,2015,"""net zero""",G.M. and Nissan Reusing Old Electric Car Batteries,https://www.nytimes.com/2015/06/17/business/gm-and-nissan-reusing-old-electric-car-batteries.html,2015-06-17,,2,https://static01.nyt.com/images/2015/06/17/business/17BATTERY/17BATTERY-thumbStandard.jpg,,,
c135a75c-b0e5-5796-9528-5db2f5271823,The New York Times,2015,"""sea level rise""",Why Jeb Bush and Other Republicans Are Wrong to Chide Pope Francis for Taking a Climate Stand,https://dotearth.blogs.nytimes.com/2015/06/17/why-jeb-bush-and-other-republicans-are-wrong-to-chide-pope-francis-for-taking-a-climate-stand/,2015-06-17,,1,https://static01.nyt.com/images/2015/06/17/world/17POPE/17POPE-articleLarge.jpg,,,
c135a75c-b0e5-5796-9528-5db2f5271823,The New York Times,2015,"""sea level rise""",Why Jeb Bush and Other Republicans Are Wrong to Chide Pope Francis for Taking a Climate Stand,https://dotearth.blogs.nytimes.com/2015/06/17/why-jeb-bush-and-other-republicans-are-wrong-to-chide-pope-francis-for-taking-a-climate-stand/,2015-06-17,,2,https://static01.nyt.com/images/2015/06/17/world/17POPE/17POPE-thumbStandard.jpg,,,
03e1d820-ad24-53a9-aebd-7fee7af2f879,The New York Times,2015,"""sea level rise""","In Weighing Responses to Climate Change, Severity and Uncertainty Matter More than ‘Reality’",https://dotearth.blogs.nytimes.com/2015/06/25/in-weighing-responses-to-climate-change-severity-and-uncertainty-matter-more-than-reality/,2015-06-25,,1,https://static01.nyt.com/images/2015/06/25/blogs/dothuntsafe/dothuntsafe-thumbStandard.png,,,
2a02431f-8f29-5423-8b59-506d1d2ac45e,The New York Times,2015,"""sea level rise""",Greenland’s Iceberg Factory – Where the Empire State Building is Too Short a Yardstick,https://dotearth.blogs.nytimes.com/2015/07/03/greenlands-iceberg-factory-where-the-empire-state-building-is-too-short-a-yardstick/,2015-07-03,,1,https://static01.nyt.com/images/2015/06/30/blogs/dotgreenlandempire/dotgreenlandempire-articleLarge.jpg,,,
2a02431f-8f29-5423-8b59-506d1d2ac45e,The New York Times,2015,"""sea level rise""",Greenland’s Iceberg Factory – Where the Empire State Building is Too Short a Yardstick,https://dotearth.blogs.nytimes.com/2015/07/03/greenlands-iceberg-factory-where-the-empire-state-building-is-too-short-a-yardstick/,2015-07-03,,2,https://static01.nyt.com/images/2015/06/30/blogs/dotgreenlandempire/dotgreenlandempire-thumbStandard.jpg,,,
96c948f1-4793-5618-8171-1b658684f9da,The New York Times,2015,"""sea level rise""",Is New Orleans Safe?,https://www.nytimes.com/2015/08/02/opinion/sunday/is-new-orleans-safe.html,2015-08-01,,1,https://static01.nyt.com/images/2015/08/02/opinion/sunday/02barry/02barry-articleLarge.jpg,,,
96c948f1-4793-5618-8171-1b658684f9da,The New York Times,2015,"""sea level rise""",Is New Orleans Safe?,https://www.nytimes.com/2015/08/02/opinion/sunday/is-new-orleans-safe.html,2015-08-01,,2,https://static01.nyt.com/images/2015/08/02/opinion/sunday/02barry/02barry-thumbStandard.jpg,,,
816b6a7d-0666-57ac-b983-0a255dd0726d,The New York Times,2015,"""sea level rise""",Obama to Call for More Icebreakers in Arctic as U.S. Seeks Foothold,https://www.nytimes.com/2015/09/02/us/politics/obama-to-call-for-more-icebreakers-in-arctic-as-us-seeks-foothold.html,2015-09-01,,1,https://static01.nyt.com/images/2015/09/02/us/02arctic/02arctic-articleLarge.jpg,,,
816b6a7d-0666-57ac-b983-0a255dd0726d,The New York Times,2015,"""sea level rise""",Obama to Call for More Icebreakers in Arctic as U.S. Seeks Foothold,https://www.nytimes.com/2015/09/02/us/politics/obama-to-call-for-more-icebreakers-in-arctic-as-us-seeks-foothold.html,2015-09-01,,2,https://static01.nyt.com/images/2015/09/02/us/02arctic/02arctic-thumbStandard.jpg,,,
55d3293a-cb77-50c4-b845-5143fe56d264,The New York Times,2015,"""sea level rise""","New Study: Burn it All (Fossil Fuel), Lose it All (Antarctic Ice and Today’s Coasts)",https://dotearth.blogs.nytimes.com/2015/09/11/new-study-burn-it-all-fossil-fuel-lose-it-all-antarctic-ice-and-todays-coasts/,2015-09-11,,1,https://static01.nyt.com/images/2015/09/11/blogs/dotburnit/dotburnit-articleLarge.jpg,,,
55d3293a-cb77-50c4-b845-5143fe56d264,The New York Times,2015,"""sea level rise""","New Study: Burn it All (Fossil Fuel), Lose it All (Antarctic Ice and Today’s Coasts)",https://dotearth.blogs.nytimes.com/2015/09/11/new-study-burn-it-all-fossil-fuel-lose-it-all-antarctic-ice-and-todays-coasts/,2015-09-11,,2,https://static01.nyt.com/images/2015/09/11/blogs/dotburnit/dotburnit-thumbStandard-v2.jpg,,,
f216f3ca-8e1b-5bb0-b3b4-baec4310d1d0,The New York Times,2015,"""sea level rise""",Study Predicts Antarctica Ice Melt if All Fossil Fuels Are Burned,https://www.nytimes.com/2015/09/12/science/climate-study-predicts-huge-sea-level-rise-if-all-fossil-fuels-are-burned.html,2015-09-11,,1,https://static01.nyt.com/images/2015/09/12/science/12CLIMATE2/12CLIMATE2-articleLarge-v2.jpg,,,
f216f3ca-8e1b-5bb0-b3b4-baec4310d1d0,The New York Times,2015,"""sea level rise""",Study Predicts Antarctica Ice Melt if All Fossil Fuels Are Burned,https://www.nytimes.com/2015/09/12/science/climate-study-predicts-huge-sea-level-rise-if-all-fossil-fuels-are-burned.html,2015-09-11,,2,https://static01.nyt.com/images/2015/09/12/science/12CLIMATE2/12CLIMATE2-thumbStandard-v2.jpg,,,
17d7e245-b002-5fff-8530-0d1b2a060fdf,The New York Times,2015,"""global temperature""",Limited Progress Seen Even as More Nations Step Up on Climate,https://www.nytimes.com/2015/09/28/world/limited-progress-seen-even-as-more-nations-step-up-on-climate.html,2015-09-28,,1,https://static01.nyt.com/images/2015/09/28/world/JP-CLIMATE1/JP-CLIMATE1-articleLarge.jpg,,,
17d7e245-b002-5fff-8530-0d1b2a060fdf,The New York Times,2015,"""global temperature""",Limited Progress Seen Even as More Nations Step Up on Climate,https://www.nytimes.com/2015/09/28/world/limited-progress-seen-even-as-more-nations-step-up-on-climate.html,2015-09-28,,2,https://static01.nyt.com/images/2015/09/28/world/JP-CLIMATE1/JP-CLIMATE1-thumbStandard.jpg,,,
126b6b34-dc50-546b-a833-bfabff37a83f,The New York Times,2015,IPCC,A Top Task for the New Chair of the U.N. Climate Panel – a Communication Reboot,https://dotearth.blogs.nytimes.com/2015/10/06/a-top-task-for-the-new-chair-of-the-u-n-climate-panel-a-communication-reboot/,2015-10-06,,1,https://static01.nyt.com/images/2013/03/13/world/europe/20130314-VATICAN-slide-V8IV/20130314-VATICAN-slide-V8IV-articleLarge-v3.jpg,,,
126b6b34-dc50-546b-a833-bfabff37a83f,The New York Times,2015,IPCC,A Top Task for the New Chair of the U.N. Climate Panel – a Communication Reboot,https://dotearth.blogs.nytimes.com/2015/10/06/a-top-task-for-the-new-chair-of-the-u-n-climate-panel-a-communication-reboot/,2015-10-06,,2,https://static01.nyt.com/images/2013/03/13/world/europe/20130314-VATICAN-slide-V8IV/20130314-VATICAN-slide-V8IV-thumbStandard-v5.jpg,,,
cd957f8f-74c2-5a97-91b7-776bcbf2c9cf,The New York Times,2015,IPCC,A Korean Economist is Elected to Lead the U.N. Climate Change Panel,https://dotearth.blogs.nytimes.com/2015/10/06/a-korean-economist-is-elected-to-lead-the-u-n-climate-change-panel/,2015-10-06,,1,https://static01.nyt.com/images/2015/10/06/blogs/dothoesung/dothoesung-thumbStandard.jpg,,,
6bda2b3a-431c-5d8b-9101-8515c5358cbb,The New York Times,2015,"""carbon budget""",How to Manage Fire to Cut Pollution and Slow Climate Change,https://dotearth.blogs.nytimes.com/2015/10/13/how-to-manage-fire-to-cut-pollution-and-slow-climate-change/,2015-10-13,,1,https://static01.nyt.com/images/2015/10/12/blogs/dotglobalfiremap/dotglobalfiremap-articleLarge.jpg,,,
6bda2b3a-431c-5d8b-9101-8515c5358cbb,The New York Times,2015,"""carbon budget""",How to Manage Fire to Cut Pollution and Slow Climate Change,https://dotearth.blogs.nytimes.com/2015/10/13/how-to-manage-fire-to-cut-pollution-and-slow-climate-change/,2015-10-13,,2,https://static01.nyt.com/images/2015/10/12/blogs/dotglobalfiremap/dotglobalfiremap-thumbStandard.jpg,,,
6b532d1a-cfc8-57d7-9712-5e225e32fcbb,The New York Times,2015,"""sea level rise""",Pilot Program Aims to Save Jamaica Bay’s Shrinking Marshes,https://www.nytimes.com/2015/10/15/nyregion/pilot-program-aims-to-save-jamaica-bays-shrinking-marshes.html,2015-10-15,,1,https://static01.nyt.com/images/2015/10/14/nyregion/14bay/14bay-articleLarge.jpg,,,
6b532d1a-cfc8-57d7-9712-5e225e32fcbb,The New York Times,2015,"""sea level rise""",Pilot Program Aims to Save Jamaica Bay’s Shrinking Marshes,https://www.nytimes.com/2015/10/15/nyregion/pilot-program-aims-to-save-jamaica-bays-shrinking-marshes.html,2015-10-15,,2,https://static01.nyt.com/images/2015/10/14/nyregion/14bay/14bay-thumbStandard.jpg,,,
e1136a50-c1a7-587b-bc45-ee33f1e6ee7c,The New York Times,2015,"""global temperature""",Catholic Church Leaders Issue Appeal on Climate Change,https://www.nytimes.com/2015/10/27/world/europe/catholic-church-leaders-issue-appeal-on-climate-change.html,2015-10-26,,1,https://static01.nyt.com/images/2015/10/26/multimedia/vatican-on-climate/vatican-on-climate-articleLarge.jpg,,,
e1136a50-c1a7-587b-bc45-ee33f1e6ee7c,The New York Times,2015,"""global temperature""",Catholic Church Leaders Issue Appeal on Climate Change,https://www.nytimes.com/2015/10/27/world/europe/catholic-church-leaders-issue-appeal-on-climate-change.html,2015-10-26,,2,https://static01.nyt.com/images/2015/10/26/multimedia/vatican-on-climate/vatican-on-climate-thumbStandard-v2.jpg,,,
671dd217-087c-5d3b-b18d-5382ec22ab90,The New York Times,2015,"""sea level rise""",National Geographic Explores Bill Nye’s Climate Change Denial – and Arnold Schwarzenegger’s Analysis,https://dotearth.blogs.nytimes.com/2015/10/31/now-its-bill-nye-with-climate-change-denial-and-arnold-schwarzenegger-to-the-rescue/,2015-10-31,,1,https://static01.nyt.com/images/2015/10/31/blogs/dotnye2/dotnye2-articleLarge.jpg,,,
671dd217-087c-5d3b-b18d-5382ec22ab90,The New York Times,2015,"""sea level rise""",National Geographic Explores Bill Nye’s Climate Change Denial – and Arnold Schwarzenegger’s Analysis,https://dotearth.blogs.nytimes.com/2015/10/31/now-its-bill-nye-with-climate-change-denial-and-arnold-schwarzenegger-to-the-rescue/,2015-10-31,,2,https://static01.nyt.com/images/2015/10/31/blogs/dotnye2/dotnye2-thumbStandard.jpg,,,
f37cc32b-8a8b-5c48-a6e4-427a0faa2bcc,The New York Times,2015,IPCC,Exxon Mobil Accused of Misleading Public on Climate Change Risks,https://www.nytimes.com/2015/10/31/science/exxon-mobil-accused-of-misleading-public-on-climate-change-risks.html,2015-10-31,,1,https://static01.nyt.com/images/2015/10/31/business/31EXXONREEFER/31EXXONREEFER-articleLarge.jpg,,,
f37cc32b-8a8b-5c48-a6e4-427a0faa2bcc,The New York Times,2015,IPCC,Exxon Mobil Accused of Misleading Public on Climate Change Risks,https://www.nytimes.com/2015/10/31/science/exxon-mobil-accused-of-misleading-public-on-climate-change-risks.html,2015-10-31,,2,https://static01.nyt.com/images/2015/10/31/business/31EXXONREEFER/31EXXONREEFER-thumbStandard.jpg,,,
edc1d2ad-8903-5738-be73-0dcc98f2bedc,The New York Times,2015,"""carbon budget""",The Reality Gap in the Push to Close the Global Warming ‘Emissions Gap’ in Paris,https://dotearth.blogs.nytimes.com/2015/11/06/the-reality-gap-in-the-push-to-close-the-global-warming-emissions-gap-in-paris/,2015-11-06,,1,https://static01.nyt.com/images/2015/11/05/blogs/dotemissionsgap2090/dotemissionsgap2090-articleLarge.jpg,,,
edc1d2ad-8903-5738-be73-0dcc98f2bedc,The New York Times,2015,"""carbon budget""",The Reality Gap in the Push to Close the Global Warming ‘Emissions Gap’ in Paris,https://dotearth.blogs.nytimes.com/2015/11/06/the-reality-gap-in-the-push-to-close-the-global-warming-emissions-gap-in-paris/,2015-11-06,,2,https://static01.nyt.com/images/2015/11/05/blogs/dotemissionsgap2090/dotemissionsgap2090-thumbStandard.jpg,,,
698482da-0c18-5723-8b17-205be1ae2b18,The New York Times,2015,"""global temperature""",The Price of Denialism,https://opinionator.blogs.nytimes.com/2015/11/07/the-rules-of-denialism/,2015-11-07,,1,https://static01.nyt.com/images/2015/11/09/opinion/09stoneWeb/09stoneWeb-articleLarge.jpg,,,
698482da-0c18-5723-8b17-205be1ae2b18,The New York Times,2015,"""global temperature""",The Price of Denialism,https://opinionator.blogs.nytimes.com/2015/11/07/the-rules-of-denialism/,2015-11-07,,2,https://static01.nyt.com/images/2015/11/09/opinion/09stoneWeb/09stoneWeb-thumbStandard.jpg,,,
b6b55caa-8cfc-58f7-b2bd-2b7fcbab228d,The New York Times,2015,"""sea level rise""",The Secrets in Greenland’s Ice Sheet,https://www.nytimes.com/2015/11/15/magazine/the-secrets-in-greenlands-ice-sheets.html,2015-11-12,,1,https://static01.nyt.com/images/2015/11/15/magazine/15ice1/15ice1-articleLarge-v5.jpg,,,
b6b55caa-8cfc-58f7-b2bd-2b7fcbab228d,The New York Times,2015,"""sea level rise""",The Secrets in Greenland’s Ice Sheet,https://www.nytimes.com/2015/11/15/magazine/the-secrets-in-greenlands-ice-sheets.html,2015-11-12,,2,https://static01.nyt.com/images/2015/11/15/magazine/15ice1/15ice1-thumbStandard-v5.jpg,,,
78c7005a-3191-555d-8deb-ee79b73afe5a,The New York Times,2015,"""global temperature""","Your Thursday Briefing: Paris Attacks, Brussels Raids, Washington Vote",https://www.nytimes.com/2015/11/19/nytnow/latest-news-paris-attacks-brussels-raids-united-auto-workers.html,2015-11-19,,1,https://static01.nyt.com/images/2015/11/19/nytnow/19nytnow-paris01/19nytnow-paris01-articleLarge.jpg,,,
78c7005a-3191-555d-8deb-ee79b73afe5a,The New York Times,2015,"""global temperature""","Your Thursday Briefing: Paris Attacks, Brussels Raids, Washington Vote",https://www.nytimes.com/2015/11/19/nytnow/latest-news-paris-attacks-brussels-raids-united-auto-workers.html,2015-11-19,,2,https://static01.nyt.com/images/2015/11/19/nytnow/19nytnow-paris01/19nytnow-paris01-thumbStandard.jpg,,,
89bec6b5-9473-57ee-b556-9a7ce0ded9f1,The New York Times,2015,"""sea level rise""",The 11.15.15 Issue,https://www.nytimes.com/2015/11/29/magazine/the-11-15-15-issue.html,2015-11-25,,1,https://static01.nyt.com/images/2015/11/29/magazine/29thread1/29thread1-articleLarge.jpg,,,
89bec6b5-9473-57ee-b556-9a7ce0ded9f1,The New York Times,2015,"""sea level rise""",The 11.15.15 Issue,https://www.nytimes.com/2015/11/29/magazine/the-11-15-15-issue.html,2015-11-25,,2,https://static01.nyt.com/images/2015/11/29/magazine/29thread1/29thread1-thumbStandard.jpg,,,
55bb0a43-d14e-597d-b7ff-987c2bc67cf7,The New York Times,2015,"""carbon budget""",Paris Climate Talks Avoid Scientists’ Idea of ‘Carbon Budget’,https://www.nytimes.com/2015/11/29/science/earth/paris-climate-talks-avoid-scientists-goal-of-carbon-budget.html,2015-11-28,,1,https://static01.nyt.com/images/2015/11/29/world/29carbon/29carbon-articleLarge.jpg,,,
55bb0a43-d14e-597d-b7ff-987c2bc67cf7,The New York Times,2015,"""carbon budget""",Paris Climate Talks Avoid Scientists’ Idea of ‘Carbon Budget’,https://www.nytimes.com/2015/11/29/science/earth/paris-climate-talks-avoid-scientists-goal-of-carbon-budget.html,2015-11-28,,2,https://static01.nyt.com/images/2015/11/29/world/29carbon/29carbon-thumbStandard.jpg,,,
b7fee776-d275-5c79-9590-337dbb7542df,The New York Times,2015,"""sea level rise""",What the Paris Climate Meeting Must Do,https://www.nytimes.com/2015/11/29/opinion/sunday/what-the-paris-climate-meeting-must-do.html,2015-11-28,,1,https://static01.nyt.com/images/2015/11/29/opinion/sunday/29sun1/29sun1-articleLarge.jpg,,,
b7fee776-d275-5c79-9590-337dbb7542df,The New York Times,2015,"""sea level rise""",What the Paris Climate Meeting Must Do,https://www.nytimes.com/2015/11/29/opinion/sunday/what-the-paris-climate-meeting-must-do.html,2015-11-28,,2,https://static01.nyt.com/images/2015/11/29/opinion/sunday/29sun1/29sun1-thumbStandard.jpg,,,
bb8037c7-fb64-571d-a6e0-9b5dee781b68,The New York Times,2015,"""sea level rise""",Tales of a Warmer Planet,https://www.nytimes.com/2015/11/29/opinion/sunday/tales-of-a-warmer-planet.html,2015-11-28,,1,https://static01.nyt.com/images/2015/11/29/opinion/sunday/29stager/29stager-articleLarge.jpg,,,
bb8037c7-fb64-571d-a6e0-9b5dee781b68,The New York Times,2015,"""sea level rise""",Tales of a Warmer Planet,https://www.nytimes.com/2015/11/29/opinion/sunday/tales-of-a-warmer-planet.html,2015-11-28,,2,https://static01.nyt.com/images/2015/11/29/opinion/sunday/29stager/29stager-thumbStandard.jpg,,,
c175f864-dbff-5d54-bbd3-017eaa84215d,The New York Times,2015,"""carbon budget""","As World Leaders Kick off Paris Climate Talks, Prescriptions Abound, from a Carbon Tax to a New Nuclear Push",https://dotearth.blogs.nytimes.com/2015/11/29/as-world-leaders-kick-off-paris-climate-talks-prescriptions-abound-from-a-carbon-tax-to-a-new-nuclear-push/,2015-11-29,,1,https://static01.nyt.com/images/2015/11/28/science/climateq/climateq-articleLarge.jpg,,,
c175f864-dbff-5d54-bbd3-017eaa84215d,The New York Times,2015,"""carbon budget""","As World Leaders Kick off Paris Climate Talks, Prescriptions Abound, from a Carbon Tax to a New Nuclear Push",https://dotearth.blogs.nytimes.com/2015/11/29/as-world-leaders-kick-off-paris-climate-talks-prescriptions-abound-from-a-carbon-tax-to-a-new-nuclear-push/,2015-11-29,,2,https://static01.nyt.com/images/2015/11/28/science/climateq/climateq-thumbStandard.gif,,,
0846d66b-914a-5819-9b8d-80ec49a448df,The New York Times,2015,"""sea level rise""",Two-Thirds of Americans Want U.S. to Join Climate Change Pact,https://www.nytimes.com/2015/12/01/world/americas/us-climate-change-republicans-democrats.html,2015-11-30,,1,https://static01.nyt.com/images/2015/12/01/world/americas/01ClimatePoll-web/01ClimatePoll-web-articleLarge.jpg,,,
0846d66b-914a-5819-9b8d-80ec49a448df,The New York Times,2015,"""sea level rise""",Two-Thirds of Americans Want U.S. to Join Climate Change Pact,https://www.nytimes.com/2015/12/01/world/americas/us-climate-change-republicans-democrats.html,2015-11-30,,2,https://static01.nyt.com/images/2015/12/01/world/americas/01ClimatePoll-web/01ClimatePoll-web-thumbStandard-v2.jpg,,,
aac691cd-a146-56fc-926b-ff8860cede54,The New York Times,2015,IPCC,3.2 Millimeters: A Troubling Rise in Sea Level,https://www.nytimes.com/2015/12/01/science/3-2-millimeters-a-troubling-rise-in-sea-level.html,2015-11-30,,1,https://static01.nyt.com/images/2015/12/02/science/01number/01number-articleLarge.jpg,,,
aac691cd-a146-56fc-926b-ff8860cede54,The New York Times,2015,IPCC,3.2 Millimeters: A Troubling Rise in Sea Level,https://www.nytimes.com/2015/12/01/science/3-2-millimeters-a-troubling-rise-in-sea-level.html,2015-11-30,,2,https://static01.nyt.com/images/2015/12/02/science/01number/01number-thumbStandard.jpg,,,
29ebf3d1-3d76-5f4a-8a4b-e4790859a7a8,The New York Times,2015,"""carbon budget""",The Dubious Carbon Budget,https://www.nytimes.com/2015/12/01/opinion/the-questionable-accounting-behind-the-worlds-carbon-budget.html,2015-12-01,,1,https://static01.nyt.com/images/2015/12/01/opinion/01gedenWeb/01gedenWeb-articleLarge.jpg,,,
29ebf3d1-3d76-5f4a-8a4b-e4790859a7a8,The New York Times,2015,"""carbon budget""",The Dubious Carbon Budget,https://www.nytimes.com/2015/12/01/opinion/the-questionable-accounting-behind-the-worlds-carbon-budget.html,2015-12-01,,2,https://static01.nyt.com/images/2015/12/01/opinion/01gedenWeb/01gedenWeb-thumbStandard.jpg,,,
6f743d28-a161-5bf9-82ae-d42e4efc6e74,The New York Times,2015,"""carbon budget""",How Do You Try to Reduce Your Impact on the Environment?,https://learning.blogs.nytimes.com/2015/12/04/how-do-you-try-to-reduce-your-personal-contribution-to-climate-change-and-environmental-degradation/,2015-12-04,,1,https://static01.nyt.com/images/2015/12/03/science/-what-you-can-do-about-climate-change-promo-image-LN/-what-you-can-do-about-climate-change-promo-image-articleLarge.png,,,
6f743d28-a161-5bf9-82ae-d42e4efc6e74,The New York Times,2015,"""carbon budget""",How Do You Try to Reduce Your Impact on the Environment?,https://learning.blogs.nytimes.com/2015/12/04/how-do-you-try-to-reduce-your-personal-contribution-to-climate-change-and-environmental-degradation/,2015-12-04,,2,https://static01.nyt.com/images/2015/12/03/science/-what-you-can-do-about-climate-change-promo-image-LN/-what-you-can-do-about-climate-change-promo-image-thumbStandard-v2.png,,,
9aaa69f4-e27d-572f-b613-9023b4d08ba4,The New York Times,2015,"""sea level rise""",Water as a Climate-Change Gut Punch in a City Defined by an Ocean,https://www.nytimes.com/2015/12/05/us/water-as-a-climate-change-gut-punch-in-a-city-defined-by-an-ocean.html,2015-12-04,,1,https://static01.nyt.com/images/2015/12/05/arts/05miami-web/05miami_hp-articleLarge.jpg,,,
9aaa69f4-e27d-572f-b613-9023b4d08ba4,The New York Times,2015,"""sea level rise""",Water as a Climate-Change Gut Punch in a City Defined by an Ocean,https://www.nytimes.com/2015/12/05/us/water-as-a-climate-change-gut-punch-in-a-city-defined-by-an-ocean.html,2015-12-04,,2,https://static01.nyt.com/images/2015/12/05/arts/05miami-web/05miami_hp-thumbStandard.jpg,,,
fddacdde-df67-5211-9468-40972789cb74,The New York Times,2015,"""global temperature""",Chief of House Science Panel Picks Battle Over Climate Paper,https://www.nytimes.com/2015/12/05/science/chief-of-house-science-panel-picks-battle-over-climate-paper.html,2015-12-04,,1,https://static01.nyt.com/images/2015/12/05/world/05Warming-web1/05Warming-web1-articleLarge.jpg,,,
fddacdde-df67-5211-9468-40972789cb74,The New York Times,2015,"""global temperature""",Chief of House Science Panel Picks Battle Over Climate Paper,https://www.nytimes.com/2015/12/05/science/chief-of-house-science-panel-picks-battle-over-climate-paper.html,2015-12-04,,2,https://static01.nyt.com/images/2015/12/05/world/05Warming-web1/05Warming-web1-thumbStandard.jpg,,,
73331356-5e72-5bf8-b640-858b7145eb0b,The New York Times,2015,"""global temperature""","On Tether to Fossil Fuels, Nations Speak With Money",https://www.nytimes.com/2015/12/06/science/on-tether-to-fossil-fuels-nations-speak-with-money.html,2015-12-05,,1,https://static01.nyt.com/images/2015/12/05/science/06SUBSIDIES1/06SUBSIDIES1-articleLarge.jpg,,,
73331356-5e72-5bf8-b640-858b7145eb0b,The New York Times,2015,"""global temperature""","On Tether to Fossil Fuels, Nations Speak With Money",https://www.nytimes.com/2015/12/06/science/on-tether-to-fossil-fuels-nations-speak-with-money.html,2015-12-05,,2,https://static01.nyt.com/images/2015/12/05/science/06SUBSIDIES1/06SUBSIDIES1-thumbStandard-v2.jpg,,,
3c4e69f9-1766-5cce-9116-628c75fdc975,The New York Times,2015,"""carbon budget""","Building Greener Ships, to Keep the Sea From Rising",https://www.nytimes.com/2015/12/08/science/carbon-emissions-shipping-container-ships.html,2015-12-08,,1,https://static01.nyt.com/images/2015/12/08/science/08SHIPPINGJP3/08SHIPPINGJP3-articleLarge.jpg,,,
3c4e69f9-1766-5cce-9116-628c75fdc975,The New York Times,2015,"""carbon budget""","Building Greener Ships, to Keep the Sea From Rising",https://www.nytimes.com/2015/12/08/science/carbon-emissions-shipping-container-ships.html,2015-12-08,,2,https://static01.nyt.com/images/2015/12/08/science/08SHIPPINGJP3/08SHIPPINGJP3-thumbStandard.jpg,,,
22d06123-3941-5feb-af49-f40bb5d12bbe,The New York Times,2015,"""sea level rise""",Climate Negotiators Face Hurdles on Key Issues as Deadline Looms,https://www.nytimes.com/2015/12/10/world/europe/paris-climate-conference.html,2015-12-09,,1,https://static01.nyt.com/images/2015/12/09/multimedia/john-kerry-climate/john-kerry-climate-articleLarge.jpg,,,
22d06123-3941-5feb-af49-f40bb5d12bbe,The New York Times,2015,"""sea level rise""",Climate Negotiators Face Hurdles on Key Issues as Deadline Looms,https://www.nytimes.com/2015/12/10/world/europe/paris-climate-conference.html,2015-12-09,,2,https://static01.nyt.com/images/2015/12/09/multimedia/john-kerry-climate/john-kerry-climate-thumbStandard.jpg,,,
2a470ffa-964c-552a-9c93-88be4a182529,The New York Times,2015,"""sea level rise""",Key to Success of Climate Pact Will Be Its Signals to Global Markets,https://www.nytimes.com/2015/12/11/world/europe/key-to-success-of-climate-pact-will-be-its-signals-to-global-markets.html,2015-12-11,,1,https://static01.nyt.com/images/2015/12/11/world/video-ban/video-ban-articleLarge.jpg,,,
2a470ffa-964c-552a-9c93-88be4a182529,The New York Times,2015,"""sea level rise""",Key to Success of Climate Pact Will Be Its Signals to Global Markets,https://www.nytimes.com/2015/12/11/world/europe/key-to-success-of-climate-pact-will-be-its-signals-to-global-markets.html,2015-12-11,,2,https://static01.nyt.com/images/2015/12/11/world/video-ban/video-ban-thumbStandard.jpg,,,
9f493747-a08e-5897-95bc-a06071014565,The New York Times,2015,"""climate change""",Unseasonable Greetings in a New York Searching for Jack Frost,https://www.nytimes.com/2015/12/23/nyregion/white-christmas-not-a-chance-in-an-unusually-balmy-new-york.html,2015-12-22,,1,https://static01.nyt.com/images/2015/12/23/nyregion/WARMWEATHERweb2/WARMWEATHERweb2-articleLarge.jpg,,,
9f493747-a08e-5897-95bc-a06071014565,The New York Times,2015,"""climate change""",Unseasonable Greetings in a New York Searching for Jack Frost,https://www.nytimes.com/2015/12/23/nyregion/white-christmas-not-a-chance-in-an-unusually-balmy-new-york.html,2015-12-22,,2,https://static01.nyt.com/images/2015/12/23/nyregion/WARMWEATHERweb2/WARMWEATHERweb2-thumbStandard.jpg,,,
45fda807-f69f-5c67-a3d5-8668c48676c9,The New York Times,2015,"""climate change""",A Fitting End for the Hottest Year on Record,https://www.nytimes.com/2015/12/24/science/climate-change-record-warm-year.html,2015-12-23,,1,https://static01.nyt.com/images/2015/12/23/us/24xp-recordheat/24xp-recordheat-articleLarge.jpg,,,
45fda807-f69f-5c67-a3d5-8668c48676c9,The New York Times,2015,"""climate change""",A Fitting End for the Hottest Year on Record,https://www.nytimes.com/2015/12/24/science/climate-change-record-warm-year.html,2015-12-23,,2,https://static01.nyt.com/images/2015/12/23/us/24xp-recordheat/24xp-recordheat-thumbStandard.jpg,,,
a2760440-85c5-5f84-9ba6-8ae14e5a19a2,The New York Times,2015,"""climate change""","As Documents Show Wider Oil Industry Knowledge of CO2 Climate Impacts, a “Take it Back” Proposal",https://dotearth.blogs.nytimes.com/2015/12/22/as-documents-show-wider-oil-industry-knowledge-of-co2-climate-impacts-a-take-it-back-proposal/,2015-12-23,,1,https://static01.nyt.com/images/2015/12/22/blogs/dotco2takeback/dotco2takeback-articleLarge.jpg,,,
a2760440-85c5-5f84-9ba6-8ae14e5a19a2,The New York Times,2015,"""climate change""","As Documents Show Wider Oil Industry Knowledge of CO2 Climate Impacts, a “Take it Back” Proposal",https://dotearth.blogs.nytimes.com/2015/12/22/as-documents-show-wider-oil-industry-knowledge-of-co2-climate-impacts-a-take-it-back-proposal/,2015-12-23,,2,https://static01.nyt.com/images/2015/12/22/blogs/dotco2takeback/dotco2takeback-thumbStandard.jpg,,,
49efbdc6-a2f4-5ba7-a228-e373855a8d36,The New York Times,2015,"""climate change""",Theater Listings for Dec. 25-31,https://www.nytimes.com/2015/12/25/theater/theater-listings-for-dec-25-31.html,2015-12-24,,1,https://static01.nyt.com/images/2015/12/25/arts/25LISTINGStheater/25LISTINGStheater-articleLarge.jpg,,,
49efbdc6-a2f4-5ba7-a228-e373855a8d36,The New York Times,2015,"""climate change""",Theater Listings for Dec. 25-31,https://www.nytimes.com/2015/12/25/theater/theater-listings-for-dec-25-31.html,2015-12-24,,2,https://static01.nyt.com/images/2015/12/25/arts/25LISTINGStheater/25LISTINGStheater-thumbStandard.jpg,,,
607f48d5-fb35-52e9-8b1f-5aa666ee6530,The New York Times,2015,"""climate change""",John Russell’s ‘Sqrrl’ Embodies a Science Fiction Journey,https://www.nytimes.com/2015/12/25/arts/design/john-russells-sqrrl-embodies-a-science-fiction-journey.html,2015-12-24,,1,https://static01.nyt.com/images/2015/12/25/arts/25GALLERIES03/25GALLERIES03-articleLarge.jpg,,,
607f48d5-fb35-52e9-8b1f-5aa666ee6530,The New York Times,2015,"""climate change""",John Russell’s ‘Sqrrl’ Embodies a Science Fiction Journey,https://www.nytimes.com/2015/12/25/arts/design/john-russells-sqrrl-embodies-a-science-fiction-journey.html,2015-12-24,,2,https://static01.nyt.com/images/2015/12/25/arts/25GALLERIES03/25GALLERIES03-thumbStandard.jpg,,,
b81d0bbf-21be-567c-a922-2613f0ef7ee6,The New York Times,2015,"""climate change""",Readers Respond: The Top Social Justice Stories of 2015,https://www.nytimes.com/2015/12/24/opinion/the-top-social-justice-stories-of-2015.html,2015-12-24,,1,https://static01.nyt.com/images/2015/12/22/opinion/22blow_comments/22blow_comments-articleLarge.jpg,,,
b81d0bbf-21be-567c-a922-2613f0ef7ee6,The New York Times,2015,"""climate change""",Readers Respond: The Top Social Justice Stories of 2015,https://www.nytimes.com/2015/12/24/opinion/the-top-social-justice-stories-of-2015.html,2015-12-24,,2,https://static01.nyt.com/images/2015/12/22/opinion/22blow_comments/22blow_comments-thumbStandard.jpg,,,
dc9f2769-3028-50f2-9858-1ebe1ab604fb,The New York Times,2015,"""climate change""",Spare Times for Dec. 25-31,https://www.nytimes.com/2015/12/25/arts/spare-times-for-dec-25-31.html,2015-12-24,,1,https://static01.nyt.com/images/2015/12/25/arts/25SPARE02/25SPARE02-articleLarge.jpg,,,
dc9f2769-3028-50f2-9858-1ebe1ab604fb,The New York Times,2015,"""climate change""",Spare Times for Dec. 25-31,https://www.nytimes.com/2015/12/25/arts/spare-times-for-dec-25-31.html,2015-12-24,,2,https://static01.nyt.com/images/2015/12/25/arts/25SPARE02/25SPARE02-thumbStandard.jpg,,,
30e000b1-0426-5c04-b293-9768fb5af51f,The New York Times,2015,"""climate change""",A Handful of Christmas Miracles,https://www.nytimes.com/2015/12/26/opinion/a-handful-of-christmas-miracles.html,2015-12-25,,1,https://static01.nyt.com/images/2014/11/01/opinion/egan-circular/egan-circular-thumbStandard-v2.png,,,
4315edbd-fc44-5871-ace2-d282c16a95c9,The New York Times,2015,"""climate change""",Moments of Grace in a Grim Year,https://www.nytimes.com/2015/12/25/opinion/moments-of-grace-in-a-grim-year.html,2015-12-25,,1,https://static01.nyt.com/images/2015/12/25/opinion/25fri1/25fri1-articleLarge.jpg,,,
4315edbd-fc44-5871-ace2-d282c16a95c9,The New York Times,2015,"""climate change""",Moments of Grace in a Grim Year,https://www.nytimes.com/2015/12/25/opinion/moments-of-grace-in-a-grim-year.html,2015-12-25,,2,https://static01.nyt.com/images/2015/12/25/opinion/25fri1/25fri1-thumbStandard.jpg,,,
e401727c-ab96-5922-a2d0-9aaaa4da4524,The New York Times,2015,"""climate change""","Things to Celebrate, Like Dreams of Flying Cars",https://www.nytimes.com/2015/12/25/opinion/things-to-celebrate-like-dreams-of-flying-cars.html,2015-12-25,,1,https://static01.nyt.com/images/2014/11/12/opinion/krugman-circular/krugman-circular-articleLarge-v2.jpg,,,
e401727c-ab96-5922-a2d0-9aaaa4da4524,The New York Times,2015,"""climate change""","Things to Celebrate, Like Dreams of Flying Cars",https://www.nytimes.com/2015/12/25/opinion/things-to-celebrate-like-dreams-of-flying-cars.html,2015-12-25,,2,https://static01.nyt.com/images/2014/11/12/opinion/krugman-circular/krugman-circular-thumbStandard-v5.jpg,,,
51cdeb09-5d15-5aad-a003-5feabd30015a,The New York Times,2015,"""climate change""",Charity and Justice,https://www.nytimes.com/2015/12/27/opinion/sunday/charity-and-justice.html,2015-12-26,,1,https://static01.nyt.com/images/2015/12/27/opinion/27LgivingWeb/27LgivingWeb-articleLarge.jpg,,,
51cdeb09-5d15-5aad-a003-5feabd30015a,The New York Times,2015,"""climate change""",Charity and Justice,https://www.nytimes.com/2015/12/27/opinion/sunday/charity-and-justice.html,2015-12-26,,2,https://static01.nyt.com/images/2015/12/27/opinion/27LgivingWeb/27LgivingWeb-thumbStandard.jpg,,,
0c26def0-e0a5-5418-8ef8-e848fe157f23,The New York Times,2015,"""climate change""",British Army Is Deployed as Flooding Submerges Northern England,https://www.nytimes.com/2015/12/28/world/europe/british-army-is-deployed-as-flooding-submerges-northern-england.html,2015-12-27,,1,https://static01.nyt.com/images/2015/12/28/world/28BRITAIN1/28BRITAIN1-articleLarge.jpg,,,
0c26def0-e0a5-5418-8ef8-e848fe157f23,The New York Times,2015,"""climate change""",British Army Is Deployed as Flooding Submerges Northern England,https://www.nytimes.com/2015/12/28/world/europe/british-army-is-deployed-as-flooding-submerges-northern-england.html,2015-12-27,,2,https://static01.nyt.com/images/2015/12/28/world/28BRITAIN1/28BRITAIN1-thumbStandard.jpg,,,
e759ea8a-d930-531d-a051-901e54c70b7f,The New York Times,2015,"""climate change""",Drought Deepens South Africa’s Malaise,https://www.nytimes.com/2015/12/27/world/africa/drought-deepens-south-africas-malaise.html,2015-12-27,,1,https://static01.nyt.com/images/2015/12/27/world/DROUGHT2/DROUGHT2-articleLarge.jpg,,,
e759ea8a-d930-531d-a051-901e54c70b7f,The New York Times,2015,"""climate change""",Drought Deepens South Africa’s Malaise,https://www.nytimes.com/2015/12/27/world/africa/drought-deepens-south-africas-malaise.html,2015-12-27,,2,https://static01.nyt.com/images/2015/12/27/world/DROUGHT2/DROUGHT2-thumbStandard.jpg,,,
95b815e0-9118-55a7-a20e-e90e9e13f8ad,The New York Times,2015,"""climate change""",The Latest in Science Fiction and Fantasy,https://www.nytimes.com/2016/01/03/books/review/the-latest-in-science-fiction-and-fantasy.html,2015-12-28,,1,https://static01.nyt.com/images/2016/01/03/books/review/0103-BKS-Otherworldly/0103-BKS-Otherworldly-articleLarge-v2.jpg,,,
95b815e0-9118-55a7-a20e-e90e9e13f8ad,The New York Times,2015,"""climate change""",The Latest in Science Fiction and Fantasy,https://www.nytimes.com/2016/01/03/books/review/the-latest-in-science-fiction-and-fantasy.html,2015-12-28,,2,https://static01.nyt.com/images/2016/01/03/books/review/0103-BKS-Otherworldly/0103-BKS-Otherworldly-thumbStandard-v2.jpg,,,
aacc1ca0-a50d-5a33-a26f-d343a88f618f,The New York Times,2015,"""climate change""",Fighting Climate Change With One of the World’s Largest Solar Power Plants,https://lens.blogs.nytimes.com/2015/12/28/fighting-climate-change-with-one-of-the-worlds-largest-solar-power-plants/,2015-12-28,,1,https://static01.nyt.com/images/2015/12/23/blogs/20151223-lens-stillings-slide-KK13/20151223-lens-stillings-slide-KK13-articleLarge.jpg,,,
aacc1ca0-a50d-5a33-a26f-d343a88f618f,The New York Times,2015,"""climate change""",Fighting Climate Change With One of the World’s Largest Solar Power Plants,https://lens.blogs.nytimes.com/2015/12/28/fighting-climate-change-with-one-of-the-worlds-largest-solar-power-plants/,2015-12-28,,2,https://static01.nyt.com/images/2015/12/23/blogs/20151223-lens-stillings-slide-KK13/20151223-lens-stillings-slide-KK13-thumbStandard.jpg,,,
b520988e-4e4e-557b-bc78-3f9ae8c56138,The New York Times,2015,"""climate change""",David Cameron Defends Flood Record as Northern England Is Drenched,https://www.nytimes.com/2015/12/29/world/europe/david-cameron-defends-flood-defense-record-as-northern-england-is-drenched.html,2015-12-28,,1,https://static01.nyt.com/images/2015/12/29/world/29britain-web1/29britain-web1-articleLarge.jpg,,,
b520988e-4e4e-557b-bc78-3f9ae8c56138,The New York Times,2015,"""climate change""",David Cameron Defends Flood Record as Northern England Is Drenched,https://www.nytimes.com/2015/12/29/world/europe/david-cameron-defends-flood-defense-record-as-northern-england-is-drenched.html,2015-12-28,,2,https://static01.nyt.com/images/2015/12/29/world/29britain-web1/29britain-web1-thumbStandard.jpg,,,
771a5051-b4ae-5ae1-af0d-063fdb6cbf0a,The New York Times,2015,"""climate change""",The Primary That Disqualified the Qualified,https://www.nytimes.com/2016/01/03/magazine/the-primary-that-disqualified-the-qualified.html,2015-12-29,,1,https://static01.nyt.com/images/2016/01/03/magazine/03kasich/03kasich-articleLarge-v4.jpg,,,
771a5051-b4ae-5ae1-af0d-063fdb6cbf0a,The New York Times,2015,"""climate change""",The Primary That Disqualified the Qualified,https://www.nytimes.com/2016/01/03/magazine/the-primary-that-disqualified-the-qualified.html,2015-12-29,,2,https://static01.nyt.com/images/2016/01/03/magazine/03kasich/03kasich-thumbStandard-v4.jpg,,,
dad9fe6d-55fa-5c0f-82ab-2bdf92376abc,The New York Times,2015,"""climate change""",America’s Empty Embassies,https://www.nytimes.com/2015/12/29/opinion/americas-empty-embassies.html,2015-12-29,,1,https://static01.nyt.com/images/2015/12/29/opinion/29mondaleWeb/29mondaleWeb-articleLarge.jpg,,,
dad9fe6d-55fa-5c0f-82ab-2bdf92376abc,The New York Times,2015,"""climate change""",America’s Empty Embassies,https://www.nytimes.com/2015/12/29/opinion/americas-empty-embassies.html,2015-12-29,,2,https://static01.nyt.com/images/2015/12/29/opinion/29mondaleWeb/29mondaleWeb-thumbStandard.jpg,,,
53d23943-f16c-5e91-8897-40618ef66ec5,The New York Times,2015,"""climate change""","Central African Republic Elections, Long Delayed, Are Peaceful",https://www.nytimes.com/2015/12/31/world/africa/central-african-republic-elections.html,2015-12-30,,1,https://static01.nyt.com/images/2015/12/31/world/africa/31Car-video/31Car-video-articleLarge.jpg,,,
53d23943-f16c-5e91-8897-40618ef66ec5,The New York Times,2015,"""climate change""","Central African Republic Elections, Long Delayed, Are Peaceful",https://www.nytimes.com/2015/12/31/world/africa/central-african-republic-elections.html,2015-12-30,,2,https://static01.nyt.com/images/2015/12/31/world/africa/31Car-video/31Car-video-thumbStandard.jpg,,,
b479244d-8d56-544b-80e2-c6154e393f3a,The New York Times,2015,"""climate change""",Alarm Spreads in Brazil Over a Virus and a Surge in Malformed Infants,https://www.nytimes.com/2015/12/31/world/americas/alarm-spreads-in-brazil-over-a-virus-and-a-surge-in-malformed-infants.html,2015-12-30,,1,https://static01.nyt.com/images/2015/12/30/world/31BRAZIL-web2/31BRAZIL-web2-articleLarge.jpg,,,
b479244d-8d56-544b-80e2-c6154e393f3a,The New York Times,2015,"""climate change""",Alarm Spreads in Brazil Over a Virus and a Surge in Malformed Infants,https://www.nytimes.com/2015/12/31/world/americas/alarm-spreads-in-brazil-over-a-virus-and-a-surge-in-malformed-infants.html,2015-12-30,,2,https://static01.nyt.com/images/2015/12/30/world/31BRAZIL-web2/31BRAZIL-web2-thumbStandard.jpg,,,
bc750e5c-5b15-5b34-be59-8f91fbf8f415,The New York Times,2015,"""climate change""",The Juicy Subplots of 2016,https://www.nytimes.com/2015/12/30/opinion/the-juicy-subplots-of-2016.html,2015-12-30,,1,https://static01.nyt.com/images/2014/11/01/opinion/bruni-circular/bruni-circular-articleLarge-v2.jpg,,,
bc750e5c-5b15-5b34-be59-8f91fbf8f415,The New York Times,2015,"""climate change""",The Juicy Subplots of 2016,https://www.nytimes.com/2015/12/30/opinion/the-juicy-subplots-of-2016.html,2015-12-30,,2,https://static01.nyt.com/images/2014/11/01/opinion/bruni-circular/bruni-circular-thumbStandard-v5.jpg,,,
d0daf94a-4fb1-56e3-b615-4e334bf6c2c9,The New York Times,2015,"""climate change""",And Now for the Good News ... A 2015 Sampler.,https://www.nytimes.com/2015/12/30/insider/and-now-for-the-good-news-a-2015-sampler.html,2015-12-30,,1,https://static01.nyt.com/images/2015/12/30/insider/30-Insider-Goodnews-Pic/30-Insider-Goodnews-Pic-articleLarge.png,,,
d0daf94a-4fb1-56e3-b615-4e334bf6c2c9,The New York Times,2015,"""climate change""",And Now for the Good News ... A 2015 Sampler.,https://www.nytimes.com/2015/12/30/insider/and-now-for-the-good-news-a-2015-sampler.html,2015-12-30,,2,https://static01.nyt.com/images/2015/12/30/insider/30-Insider-Goodnews-Pic/30-Insider-Goodnews-Pic-thumbStandard.png,,,
18a4a2ea-65e1-5466-8e67-1daa714fb4af,The New York Times,2015,"""climate change""",Theater Listings for Jan. 1-7,https://www.nytimes.com/2016/01/01/theater/theater-listings-for-jan-1-7.html,2015-12-31,,1,https://static01.nyt.com/images/2016/01/01/arts/01LISTINGSTHEATER4/01LISTINGSTHEATER4-articleLarge.jpg,,,
18a4a2ea-65e1-5466-8e67-1daa714fb4af,The New York Times,2015,"""climate change""",Theater Listings for Jan. 1-7,https://www.nytimes.com/2016/01/01/theater/theater-listings-for-jan-1-7.html,2015-12-31,,2,https://static01.nyt.com/images/2016/01/01/arts/01LISTINGSTHEATER4/01LISTINGSTHEATER4-thumbStandard-v2.jpg,,,
acbafa89-eaa4-57ba-8c67-19ce216d520b,The New York Times,2015,"""climate change""",A Marine Ecologist Strives to Protect the Seas,https://www.nytimes.com/2016/01/03/travel/national-geographic-water-pollution.html,2015-12-31,,1,https://static01.nyt.com/images/2016/01/03/travel/03QA/03QA-articleLarge.jpg,,,
acbafa89-eaa4-57ba-8c67-19ce216d520b,The New York Times,2015,"""climate change""",A Marine Ecologist Strives to Protect the Seas,https://www.nytimes.com/2016/01/03/travel/national-geographic-water-pollution.html,2015-12-31,,2,https://static01.nyt.com/images/2016/01/03/travel/03QA/03QA-thumbStandard-v2.jpg,,,
c7a1c13e-ca9f-59ef-b60d-03a4a8aa78ee,The New York Times,2015,"""climate change""","Spain Has Little Appetite for Truffles, but Plenty for the Truffle Trade",https://www.nytimes.com/2016/01/01/world/europe/spain-has-little-appetite-for-truffles-but-plenty-for-the-truffle-trade.html,2015-12-31,,1,https://static01.nyt.com/images/2015/12/31/world/01truffle-web1/01truffle-web1-articleLarge.jpg,,,
c7a1c13e-ca9f-59ef-b60d-03a4a8aa78ee,The New York Times,2015,"""climate change""","Spain Has Little Appetite for Truffles, but Plenty for the Truffle Trade",https://www.nytimes.com/2016/01/01/world/europe/spain-has-little-appetite-for-truffles-but-plenty-for-the-truffle-trade.html,2015-12-31,,2,https://static01.nyt.com/images/2015/12/31/world/01truffle-web1/01truffle-web1-thumbStandard.jpg,,,
e4266569-9abb-56f3-bcfe-24dc95ae2a1d,The New York Times,2015,"""climate change""","In Wild Winter, Warm North Pole Storm Chills U.S. Forecast as Flooding Threatens Levees",https://dotearth.blogs.nytimes.com/2015/12/30/in-wild-winter-warm-arctic-storm-chills-u-s-forecast-as-flooding-threatens-levees/,2015-12-31,,1,https://static01.nyt.com/images/2015/12/30/blogs/dotnorthpole/dotnorthpole-articleLarge.png,,,
e4266569-9abb-56f3-bcfe-24dc95ae2a1d,The New York Times,2015,"""climate change""","In Wild Winter, Warm North Pole Storm Chills U.S. Forecast as Flooding Threatens Levees",https://dotearth.blogs.nytimes.com/2015/12/30/in-wild-winter-warm-arctic-storm-chills-u-s-forecast-as-flooding-threatens-levees/,2015-12-31,,2,https://static01.nyt.com/images/2015/12/30/blogs/dotnorthpole/dotnorthpole-thumbStandard.png,,,
